id,created_at,name,suburb,address,courts,price,booking_url,lat,lng,city,state,photo_url,opening_hours,open_hour,close_hour,google_rating,google_review_count,open_hour_weekend,close_hour_weekend,min_duration,peak_start_hour,peak_end_hour,late_night_hour,late_night_price,place_id
1,2026-03-06 09:17:47.320383+00,Mitcham Badminton,Mitcham,"Unit 1/613 Whitehorse Rd, Mitcham VIC 3132, Australia",12,$20-$27/hr,https://www.mitchambadminton.com.au/,-37.8152276,145.2033228,Mitcham,VIC,https://lh3.googleusercontent.com/places/ANXAkqEreypkrGgvPSZgdkc7r9OPOQ44Hwh_iEZKgE7Co0mtGABQwQAQNlZQqvKxJHpJ29sifHJCWJi4HlF87bKLci1IWr02NMgo5ws=s1600-w800,Mon–Sun 9am – midnight,9,24,4.5,346,,,,,,,,ChIJ6bKwsBQ51moRMFQeertKzyI
2,2026-03-06 09:19:59.487184+00,Melbourne Badminton Centre,Blackburn North,"Melbourne Badminton Centre, 6-16 Joseph St, Blackburn North VIC 3130, Australia",9,$20-$34/hr,https://melbournebadminton.yepbooking.com.au/,-37.7999163,145.1439092,Melbourne,VIC,https://lh3.googleusercontent.com/place-photos/AL8-SNEvj6i6Opc6f1GhJwQCvydqfHdK1u88dKa9Km5OntS63Lfj5iTIV9KrprJQD3fspvlbcIHAq_6U8cKF16wcTVyRcklDfQp8WylVtymXm7jNh3phm_7GgXtsViRmr9GZRcOdgf81R9du0T6t-hw=s1600-w800,Mon–Sun 8am – 11pm,8,23,4.1,323,,,,,,,,ChIJgcaaEaI41moRPNI5i2fhRYs
3,2026-03-06 09:22:09.501862+00,Doncaster East Badminton Centre,Doncaster East,"350 Blackburn Rd, Doncaster East VIC 3109, Australia",12,$26-$34/hr,https://doncaster-east-badminton.yepbooking.com.au/,-37.7758198,145.1652511,Doncaster East,VIC,https://lh3.googleusercontent.com/places/ANXAkqFKAgUU6zLMWrlZ7a-fqqaOaXy0OYULnK6MjOuSaxvuf-gvvlOucYatnEBulXvckZxdX7pFzb_tnjgY6l_yoQaxLRjrMxAZbQQ=s1600-w800,Mon–Sun 9am – 10pm,9,22,4.6,14,,,,,,,,ChIJD8LIL_Q51moR0FHRWIcAD44
5,2026-03-14 11:00:12.321965+00,Unique Badminton Centre,Oakleigh South,"31 Atherton Rd, Oakleigh VIC 3166, Australia",22,$25/hr,https://www.uniquebadminton.com.au/,-37.8986103,145.0906698,Oakleigh South,VIC,https://lh3.googleusercontent.com/place-photos/AL8-SNGg0uXzI6YA3PNtb2jeph2qvmdm96uqSUDUumjDK7T9mEI6O6IBpqw44KfjVmVZq0NV0bOi5AfXwrvrcTsz5eCYlBRGZDRF5v9w9b0sSdtaq7JnAdPVwee4yaXmPLnvbuueLW8I1xZ8POsNcQ=s1600-w800,Mon–Sun 9am – 10pm,9,22,4.4,374,,,,,,,,ChIJk3XvpgwV1moR3r8Y8ttSiFM
6,2026-03-14 11:00:12.321965+00,MSAC Badminton,Albert Park,"30 Aughtie Dr, Albert Park VIC 3206, Australia",12,$28/hr,https://statesportcentres.com.au/sports/badminton/,-37.842635,144.961629,Albert Park,VIC,https://lh3.googleusercontent.com/place-photos/AL8-SNEy77jILTJZOZFRVT5mQwxRcg2Xh5cUNjVoEm7E_-D-P_ja88l7UEWbG9Pz1g9X1EaispN4E4oguQ-t-rziX8Y6VbWImCtXxZmAr2JsgZ3meXGh_sVK8D5JBiwzC6fsqlyadJ7M2cLzH4I=s1600-w800,Mon–Sun 9am – 11pm,9,23,4.3,60,,,,,,,,ChIJLxl-lltp1moRf4Abe2_J048
7,2026-03-14 11:00:12.321965+00,Badminton Connect Noble Park,Noble Park,"46 Melverton Dr, Hallam VIC 3803, Australia",12,$22/hr,https://bc.sportlogic.net.au/secure/customer/booking/v1/public/show,-38.0102411,145.27578,Noble Park,VIC,https://lh3.googleusercontent.com/place-photos/AL8-SNGg8AWDxNUZuyTyAwe1_5HXhoAZvAIahBysSlHZRGatIngG2A1r4wTyMs6ji1Br7SMoCGhCjW8ESdjuVsA0koZbDJWnaI4Z7Wi2wrn7clwtrhnjqCELp8HA7LXpbmrhgvFix9L78yGIXMos-zq5nDZhlg=s1600-w800,"Mon-Fri 9am - 11pm, Sat-Sun 8am - 11pm",9,23,4.7,446,8,23,,,,,,ChIJ80CrP1kU1moRfmSFWC17fyE
8,2026-03-14 11:00:12.321965+00,Badminton Connect Hallam,Hallam,"22 Technology Cct, Hallam VIC 3803, Australia",8,$22/hr,https://bc.sportlogic.net.au/secure/customer/booking/v1/public/show,-38.0100569,145.2594638,Hallam,VIC,https://lh3.googleusercontent.com/place-photos/AL8-SNG0G86Z1Ubmi5W1sj0XOe8NMXBFovIu0fh6uhmhDVvUYXcVbrFy5A7EZnb4lekQjT7smXdm7mT6URFQR77IKT0qzzqb94-73eefQZQ23wMDDYu0u4ctd4nBG3KMMqrtr5fudYITM4Q4L7bRDA=s1600-w800,"Mon-Fri 4pm - 11pm, Sat-Sun 8am - 11pm",16,23,4.5,328,8,23,,,,,,ChIJf8Wm1S0R1moR-4PbU1Ep8iA
9,2026-03-14 11:00:12.321965+00,BTTC Truganina,Truganina,"1/300 Leakes Rd, Truganina VIC 3029, Australia",14,$18-$28/hr,https://bttc.com.au/book/,-37.8389233,144.7436141,Truganina,VIC,https://lh3.googleusercontent.com/places/ANXAkqFW8h9UtUoeHWvxf9RwVvmM0X9IK5ijsazYzihrm3-y2diBP9vRfbUI3eXepvM7Za4cnZ4zZulSEh7ZdlOOsF4LxwkSXAQ9MHE=s1600-w800,"Mon-Fri 10am - 11pm, Sat-Sun 7am - 11pm",10,23,4.3,197,7,23,,,,,,ChIJiVVoCQP11moR0TNgipvpaFA
10,2026-03-14 11:00:12.321965+00,Sunshine Badminton Centre,Sunshine North,"1/62 Eastern Rd, South Melbourne VIC 3205, Australia",8,$15-$29/hr,https://sunshinebadminton.com.au/,-37.8333021,144.965527,Sunshine North,VIC,https://lh3.googleusercontent.com/place-photos/AL8-SNG0LgtBlZmshBN1vHzR4cFFMmkvByAC8x7BBw688jeBgXtrLkaKq51jeoY8wrpQd8g9wd4VjmBL0L87pe0re2kXGHHKIr9pF5Mh87Ik_v2_LPb_-S8FOlFXJMNsfqUnIS0dqMTcYQX7iA4S3Q=s1600-w800,Mon-Sun 6am - 11pm,6,23,4.7,88,,,,,,,,ChIJ24BeVgBf1moRPZs3vvFAFgM
12,2026-03-14 11:00:12.321965+00,Altona Badminton Centre,Altona,"131 Blyth St, Altona VIC 3018, Australia",12,$16-$29/hr,https://wsbaonline.yepbooking.com.au/,-37.8687422,144.8186648,Altona,VIC,https://lh3.googleusercontent.com/place-photos/AL8-SNEKxcAzaikyB7nOZ0RX-X1-eQsiNjdD1L6Uq-cFNdoc-k92SSNd76eXPNd9yZCTnrtrN2wxI7rM0_uDjvmPR-oze3OgEP8bbWul106aEbpk97eMNJK6vieNajYiZ8ZHvkmqequCGRapHNfZRA=s1600-w800,"Mon-Fri 10am - 11pm, Sat-Sun 8am - 9pm",10,23,4.5,329,8,21,,16,22,,,ChIJ6xSYcyNh1moRu0B8Ot338zQ
13,2026-03-14 11:00:12.321965+00,Mount Waverley Badminton Centre,Mount Waverley,"47 Miller Cres, Mount Waverley VIC 3149",8,$20/hr,https://www.mountwaverleybadminton.com/,-37.8768,145.1268,Mount Waverley,VIC,https://lh3.googleusercontent.com/place-photos/AL8-SNGcZTQaVa8r3AHEtl_iRCdT0BOs4CeBNb2XZq-BNqgltW86StazUkd6evgh64AOpLqpjUQchKZioJPnAzCUe86mQTlr7ZlNb9PacYisgqtM9eZOrKgf1x3kxoBwyPoAaU1u700AhWPLsiOW4w=s1600-w800,Mon–Sun 9am – 10pm,9,22,3.6,319,,,,,,,,ChIJdxGaIa5q1moR-2KOBWSa7gs
14,2026-03-14 11:00:12.321965+00,Doncaster Badminton Centre,Doncaster,"687 Doncaster Rd, Doncaster VIC 3108, Australia",8,$20/hr,https://activemanningham.com.au/stadium-bookings/,-37.7865994,145.1319862,Doncaster,VIC,https://lh3.googleusercontent.com/place-photos/AL8-SNHBv6_6HUZzWEo7mQC0gJ3TS47bN0kLv8Ai3dtavyz8gw-pZixLml0al3yS7X90eEJdNF_-kIzpgWLy6Z5jwuQjfzaTm-8ya_FBkRitX3hiK25LMYpvTuh6dPccgRSJFQOaqednYez5gl1pG-Q=s1600-w800,Mon–Sun 9am – 10pm,9,22,4.0,10,,,,,,,,ChIJO5b6gnNH1moR5R-Tal-Buis
15,2026-03-14 11:00:12.321965+00,WSBA Stadium,Footscray,"138 Kinnear St, Footscray VIC 3011, Australia",12,$20/hr,https://wsba.com.au/,-37.7908579,144.8908901,Footscray,VIC,https://lh3.googleusercontent.com/place-photos/AL8-SNEsemGECR4FNVOitGv0CfpApAcYuUXBtLMkAPr-NjCyP12B28Iwv2sf5nL6fvux4hwwcdG86otAV76gIWbHv6ZCySlyMFYvuCKhW4v4-3zJbOqNYAef6esbgAUSX2cFW1draHXrHLT4E_8RVvs=s1600-w800,Mon–Sun 9am – 10pm,9,22,4.3,24,,,,,,,,ChIJZ2EAhgRd1moRrwRQrTxOW9M
16,2026-03-14 11:00:12.321965+00,Sportlink Vermont South,Vermont South,"1 Timmothy Dr, Wantirna South VIC 3152, Australia",8,$22/hr,https://www.sportlink.org.au/court-hire,-37.8703005,145.2252767,Vermont South,VIC,https://lh3.googleusercontent.com/places/ANXAkqHD4nb6VbPsE1Fkk9cjiRv5ipmwpfZ1Sfnwf4w1QcMytD7sI3VEJcXMIskghsTL6rCWCD9PyOLfV7BAb6tMYa-JaPzWZoRFoVs=s1600-w800,Mon–Sun 9am – 10pm,9,22,4.4,389,,,,,,,,ChIJX9CxlOE-1moRThh0t9_Q7kA
17,2026-03-14 11:00:12.321965+00,Knox Indoor Sports,Wantirna South,"96 George St, Scoresby VIC 3179, Australia",4,$15-$25/hr,https://insportzknox.com.au/,-37.8888432,145.221952,Wantirna South,VIC,https://lh3.googleusercontent.com/place-photos/AL8-SNEyH3Q58FiQ9OxKzs1ng4o0kVgVFH38X60Le3tSovS0s68QHY3befJ-5PZQNRXH0NKiL2vnwafzggRgj3bs_ch91UeWJsd_BL6JjzBCuWtFLzhie3OeshdQvBf6Uo7OhUUWJr6tCKfrYVPITdE=s1600-w800,Mon–Sun 9am – 10pm,9,22,3.5,97,,,,,,,,ChIJy2Ji1mo81moR0-106-pn0mM
18,2026-03-14 11:00:12.321965+00,Play Badminton Maribyrnong,Maribyrnong,"2 River St, Maribyrnong VIC 3032, Australia",6,$25/hr,https://playbadminton.com.au/,-37.7782412,144.888816,Maribyrnong,VIC,https://lh3.googleusercontent.com/place-photos/AL8-SNG0LgtBlZmshBN1vHzR4cFFMmkvByAC8x7BBw688jeBgXtrLkaKq51jeoY8wrpQd8g9wd4VjmBL0L87pe0re2kXGHHKIr9pF5Mh87Ik_v2_LPb_-S8FOlFXJMNsfqUnIS0dqMTcYQX7iA4S3Q=s1600-w800,Mon–Sun 9am – 10pm,9,22,4.7,9,,,,,,,,ChIJlaBPBsxd1moRYre7c6uaBvk
19,2026-03-14 11:00:12.321965+00,Narrandjeri Stadium,Thornbury,"65 Hutton St, Thornbury VIC 3071, Australia",4,$22/hr,https://darebinstadiums.com.au/,-37.7555959,144.9956867,Thornbury,VIC,https://lh3.googleusercontent.com/places/ANXAkqHFbtYmy3TuzBxcXh2hVUwaUBPDG4HrrZ0rAMmVJ59iUBNZRsijZPt21v1TVifbzVGCLFC0xdnkDui0u8npDryGok3l_zAlqmA=s1600-w800,Mon–Sun 9am – 10pm,9,22,4.7,169,,,,,,,,ChIJJVp3U-FF1moRPYt85Wypiio
21,2026-03-14 11:00:12.321965+00,Melbourne Uni Sports,Parkville,"Tin Alley, Parkville VIC 3052",4,$19/hr,https://sport.unimelb.edu.au/court-venue-hire/court-hire,-37.797,144.961,Parkville,VIC,https://lh3.googleusercontent.com/places/ANXAkqGb9YBUaXO4F092duvssXydgL7Ddrwco6aXforzL6CO5-aVgrz-RK5LgKj3VkMKn4Uoh-kWwcTk1QW6Xus18kOJZy0fm7z7Aw=s1600-w800,Mon–Sun 9am – 10pm,9,22,4.4,295,,,,,,,,ChIJHZXr3dRC1moRiRo-5O4Khw0
22,2026-03-14 11:00:12.321965+00,Monash University Badminton,Clayton,"42 Scenic Blvd, Clayton VIC 3168, Australia",12,$18/hr,https://www.monash.edu/sport/facilities-and-court-hire/clayton,-37.9122935,145.1364971,Clayton,VIC,https://lh3.googleusercontent.com/place-photos/AL8-SNH-7PKfFQaxc-d1aXl1w4NfM4fVkVbQVf1dqXUJaVWGl62JSnAI9KjatkHNKSQ1poXfXRRFnt9_YmTY80WvrDmH-USr5WepkE97PUK8VADzSR_0VsYkpo17wru_MNdcJnHlXosiUaV2EQdqMinISLAkOQ=s1600-w800,Mon–Sun 9am – 10pm,9,22,4.3,595,,,,,,,,ChIJx4GtQctq1moRsuCNfZl3Ez0
23,2026-03-14 11:00:12.321965+00,Carlton Baths,Carlton,"248 Rathdowne St, Carlton VIC 3053",2,$22/hr,https://carltonbaths.ymca.org.au/visit/hire,-37.796,144.972,Carlton,VIC,https://lh3.googleusercontent.com/places/ANXAkqGAK6EeCBfoHj8hctNBEyqQzFVLTJjP_4BPTa0B8jmtRWKAwc_0XxZQpkinTFd0DlJzJAyF0WzInC5qkLJtbH1ugB2a59VEfvA=s1600-w800,Mon–Sun 9am – 10pm,9,22,3.9,108,,,,,,,,ChIJC5uXlyhD1moRgcN1IfEeHo4
24,2026-03-14 11:00:12.321965+00,Werribee Badminton Association,Werribee,Werribee VIC 3030,4,$15/hr,https://www.werribeebadminton.org.au,-37.9,144.661,Werribee,VIC,https://lh3.googleusercontent.com/places/ANXAkqHtFVKBq7yXR7mw_wI033ZtAP3er-pZLSauQGDNKbTrrHbajCYMRRTinjv-viFc7b1b_43POOABIdFIumnJbXh7Bz0_9Uh4Ojw=s1600-w480,Mon–Sun 9am – 10pm,9,22,4.5,1811,,,,,,,,ChIJVVVVhRqF1moRFIrp1Cq5fro
25,2026-03-14 11:00:12.321965+00,Bendigo Badminton,Bendigo,"Bendigo VIC 3550, Australia",6,$15/hr,https://www.bendigo.vic.gov.au/,-36.7596196,144.2785764,Bendigo,VIC,https://lh3.googleusercontent.com/places/ANXAkqF0GUNRl8VaOM9Ogv7fZ9H9VpxaXjnUvrXKXTABLSPm9uAqde7lLmo_XoDJFHIRzU9Bf7akCgxCl1vBb85TmotwND8h_dvbBXM=s1600-w800,Mon–Sun 9am – 10pm,9,22,4.5,44,,,,,,,,ChIJ7RjL1XlX12oRnlPD_NHLSok
26,2026-03-14 11:00:12.321965+00,Ballarat Badminton,Ballarat,"Lucas VIC 3350, Australia",4,$15/hr,https://www.ballarat.vic.gov.au/,-37.5691087,143.8563224,Ballarat,VIC,https://lh3.googleusercontent.com/place-photos/AL8-SNECtbIHYv1uPuEOTRiP1UUq-34AJjmR5qg67lyGyPs15ANRMee6AhTKWS_ie7Igt7IrqCpfy325aO2Hy_YANAPag-mFOxnnyKkXDE_eBI2Q2nNtYHMoYU7vWFp0pgch-j8t_NtQG2bjTBGAhoA=s1600-w800,Mon–Sun 9am – 10pm,9,22,4.3,109,,,,,,,,ChIJb56FnRZE0WoR7vtcR6VRHdk
27,2026-03-14 11:00:12.321965+00,Geelong Badminton,Geelong,Geelong VIC 3220,6,$16/hr,https://badmintongeelong.asn.au/court-booking/,-38.1499,144.3617,Geelong,VIC,https://lh3.googleusercontent.com/place-photos/AL8-SNGex_ofoMEn31RsC1Ch6qgUthlC9W_c1Jj3YRvSUVSB9_y3OTNwJNXrmqDKJnf78cSDU_KEVUCCxS1ZotsMrq8NNiyHdmuTEOBNH5XXTY2bTjhpYpa2ROnYPwexVAlbCQdOTUjvXCZG90YguDjOcCpYrQ=s1600-w800,Mon–Sun 9am – 10pm,9,22,4.7,35,,,,,,,,ChIJM7dYg9oQ1GoRmllYWve_IiA
30,2026-03-14 11:00:12.321965+00,BadmintonWorx Botany,Botany,"Unit 2/30 Sir Joseph Banks St, Botany NSW 2019, Australia",14,$34/hr,https://badmintoncentre-botany.yepbooking.com.au,-33.949537,151.202848,Botany,NSW,https://lh3.googleusercontent.com/place-photos/AL8-SNF31TbwCF9uUhJGaZVK02meaxt4Y6Py_2c5rSAxUnJsPMnGyMG4llcVdcD2Fe4nPdTnf9JW7tOycbVlSNgjlRvVwvIQx3fMVnPnAsjjfBZLkZS2ywukWo3P3BP7_hUM2PQFWKdduONMe-IGaQ=s1600-w800,Mon–Sun 9am – 10pm,9,22,4.5,476,,,,,,,,ChIJndPX6j2xEmsR8MX8JVc_W5I
31,2026-03-14 11:00:12.321965+00,NBC Badminton Homebush,Homebush,"2b/172 Silverwater Rd, Silverwater NSW 2128, Australia",6,$25/hr,https://nbc.yepbooking.com.au,-33.829622,151.0490815,Homebush,NSW,https://lh3.googleusercontent.com/place-photos/AL8-SNE5lQSiyRDkGArdQiMVkRcZOLyNOfsNsoYg0sgcTtr7MlSyD0CXJhedKTYC6JnUdA3w5BcOhLBpn3RJ1YCgFZDmnmjI5ayWqjP71niZJ_ghCcylJz-yAJK5AxASI_JQZrQQKdNNZEOrHjXQGA=s1600-w800,Mon–Sun 9am – 10pm,9,22,4.1,184,,,,,,,,ChIJi8Jd_uilEmsRk5N-Y3qnb7M
32,2026-03-14 11:00:12.321965+00,Pro1 Badminton Centre,Bankstown,"1/361 Milperra Rd, Bankstown Aerodrome NSW 2200, Australia",14,$29-$34/hr,https://pro1badminton.com.au,-33.9282691,150.9901969,Bankstown,NSW,https://lh3.googleusercontent.com/places/ANXAkqGGwQCzUFB7PVYzBCMEzX0iKwWBVlSxCsoStAa3DaX0cdRSGAIpsEQzBXN5CN8p6P9UUj_z7konmtOLwe726ZLzH30e6MPmwDs=s1600-w800,Mon-Sun 6am - 11pm,6,23,4.7,317,,,,,,,,ChIJneCks1C_EmsRR1BYfq3pvp8
33,2026-03-14 11:00:12.321965+00,Roketto Badminton,Castle Hill,"Castle Hill NSW 2154, Australia",6,$30/hr,https://www.roketto.com.au,-33.7270691,150.9947439,Castle Hill,NSW,https://lh3.googleusercontent.com/place-photos/AL8-SNHtIQYxvYgi8O_ZbV8MZq6vFhB3L-uw7jvTMLsYMrNFna8oj38m9wKs-HjF2eHwKbW_66GJTEcZnbYUwnWAsBA1Iy32AZN5c1T8ks0IGMjvdsmFQ8Xia_-PmUVNRjafR3o38MM0dBiyRyO9yA=s1600-w800,Mon–Sun 9am – 10pm,9,22,4.7,219,,,,,,,,ChIJ7Ui-lPC7EmsRfVJrKReUFQY
34,2026-03-14 11:00:12.321965+00,The Badminton Club Wetherill Park,Wetherill Park,"Wetherill Park NSW 2164, Australia",7,$29-$36/hr,https://www.thebadmintonclub.com.au/,-33.8492918,150.9132815,Wetherill Park,NSW,https://lh3.googleusercontent.com/places/ANXAkqESDrkyfZl67ID23171plR2WyZnZONjl8ssvihgJSfLSvIyKpMuVaNLlRaHyclquE1iJFjLCz6KZsPSdmZ24rdyUmHJ-aokRTI=s1600-w800,Mon-Sun 5am - midnight,5,24,4.5,345,,,,,,,,ChIJAzUz7iKXEmsRmL_g7ECyjss
35,2026-03-14 11:00:12.321965+00,The Badminton Club Prestons,Prestons,"Prestons NSW 2170, Australia",10,$29-$36/hr,https://www.thebadmintonclub.com.au/,-33.9500347,150.86584,Prestons,NSW,https://lh3.googleusercontent.com/place-photos/AL8-SNH9hNg-2McAwINPqpWv-FQajMdM2JeF-D7N5bsUUpZU6KTq-26cRHeUfO-IXv-Q369UjbZLAJuhdu7JuVnzEjj-GR0oFFhTVcPT258ExI7NBSXEqFLOJjqlEKMwjjkymYk_4LATlBi6RvtuOA=s1600-w800,Mon-Sun 5am - midnight,5,24,4.6,115,,,,,,,,ChIJ9_8ZCN-TEmsREngUTgXkXPo
36,2026-03-14 11:00:12.321965+00,Sydney Olympic Park Sports Halls,Sydney Olympic Park,"138 Murray Rose Ave, Sydney Olympic Park NSW 2127",12,$30/hr,https://www.sydneyolympicpark.nsw.gov.au/things-to-see-and-do/badminton,-33.847,151.069,Sydney Olympic Park,NSW,https://lh3.googleusercontent.com/place-photos/AL8-SNEgkgG-PDg0AEpY8ZO1gDZvHhqno_2BK-uoYr3qnfhLDKy-xAJsP3BeJE_dSs_HVN3wj0PYfpocE_XaF71hfKJUl-IGPaic3brN9JDh9vVg5S67EDt66GYmZMn-bouBm-Vt1nSE8wuMM382tOE=s1600-w800,Mon–Sun 9am – 10pm,9,22,4.2,473,,,,,,,,ChIJTbnXJ7ekEmsRrkWq1jmH2WI
37,2026-03-14 11:00:12.321965+00,King George V Recreation Centre,The Rocks,"Cumberland St, The Rocks NSW 2000",6,$28/hr,https://www.cityofsydney.nsw.gov.au/sports-facilities/multipurpose-courts-king-george-v-recreation-centre,-33.859,151.207,The Rocks,NSW,https://lh3.googleusercontent.com/places/ANXAkqHjhlni2Ih4yNnkTjRAv86r7LJFrhIRQulALTNDTWOyC-c6e169s34czaH3-M1xM98Q8UvwL1r7i16LnykkDAE2BacpmgjgwUs=s1600-w800,Mon–Sun 9am – 10pm,9,22,4.4,404,,,,,,,,ChIJSytgJF2uEmsRVZ0iEjbLdfE
38,2026-03-14 11:00:12.321965+00,UNSW Badminton Courts,Kensington,UNSW Kensington Campus NSW 2052,6,$26/hr,https://unswfac.com.au/,-33.917,151.231,Kensington,NSW,https://lh3.googleusercontent.com/places/ANXAkqE1T8vlqhl-hE2Y0hqrMi4LFGCE1JUc92t3YMNbpsPk5UNL9N_1myT-f0sV92lpt4nyAO0HFb2rnPqDjdZ-9G4vU1EA6nhfQbg=s1600-w800,Mon–Sun 9am – 10pm,9,22,3.6,297,,,,,,,,ChIJDdkXWouxEmsRRnJ9dxHVtec
39,2026-03-14 11:00:12.321965+00,Five Dock Leisure Centre,Five Dock,Five Dock NSW 2046,8,$28.50-$38/hr,https://www.fdlc.com.au/indoor-sports/book-court/badminton,-33.868,151.129,Five Dock,NSW,https://lh3.googleusercontent.com/place-photos/AL8-SNHCINCDt4rywTybievxahTYZZ4MDyFlj5pnhoxqBGewX8ac4Cva6Q6y_KWXPhWo1M1el5qReN3iuyLrZiE2_3fPJwwf4ePBK2rShR1wkOUNuTecaEwJ7pDMIFkxy6bS25Gp5eMTCnM9avv_z_4=s1600-w800,Mon–Sun 9am – 10pm,9,22,4.2,185,,,,,,,,ChIJfftkY626EmsRMH7oiDuxzsc
40,2026-03-14 11:00:12.321965+00,PCYC Northern Beaches,Dee Why,"40 Kingsway, Dee Why NSW 2099, Australia",2,$22/hr,https://www.pcycnsw.org.au/northern-beaches/activities/badminton,-33.7503287,151.2862966,Dee Why,NSW,https://lh3.googleusercontent.com/places/ANXAkqGvoeBnJIXGxTt1o5ZIsuXAqTJxqCdiDKkpiaQ91Ljth1vWeUgq2sh_0g7jFuIx3iH2BMlD6xfRqWIFVG0A2yp8yMHAW1barrw=s1600-w800,Mon–Sun 9am – 10pm,9,22,3.9,35,,,,,,,,ChIJa9f9koOqEmsRLbEogDqynQM
41,2026-03-14 11:00:12.321965+00,THE Y Epping,Epping,"15 Ward St, Epping NSW 2121, Australia",3,$24/hr,https://www.ymcansw.org.au/centres/epping-ymca/court-hire/,-33.7714651,151.0681159,Epping,NSW,https://lh3.googleusercontent.com/places/ANXAkqH1nwY8_CYTeGluu8zoBrbwvFo0U3xdDbp5DoZ29cQUIMVwEAvAWTYLTuwawL8HJkFVN1a_dCHh9SuNx_Evavcxd-FrCNSC5f0=s1600-w800,Mon–Sun 9am – 10pm,9,22,4.1,128,,,,,,,,ChIJYyRffKCmEmsRBhA3eTkbx6U
42,2026-03-14 11:00:12.321965+00,Willoughby Leisure Centre,Willoughby,"Willoughby NSW 2068, Australia",8,$26/hr,https://www.willoughbyleisure.com.au/Bookings-and-availability/Book-a-badminton-court,-33.8071041,151.199349,Willoughby,NSW,https://lh3.googleusercontent.com/place-photos/AL8-SNFNdie2puRUoa60f3Ioi3D978Ae4vEWJyXGLAT2dsh16ZMVgXRj9vOzckwzNzU4kx-DciudqWUPs1P3glVQ5gv52wO_ny_k4ybpjguetOnfpe_J8IGZyiBjneq2ddmZ5mHgivlWr36fSUAc4EQ=s1600-w800,Mon–Sun 9am – 10pm,9,22,3.7,84,,,,,,,,ChIJWQFBVDypEmsRW7A__buPlw8
43,2026-03-14 11:00:12.321965+00,Hurstville Stadium,Hurstville,Hurstville NSW 2220,3,$22/hr,https://hurstvilleaquatic.com.au/stadium/,-33.967,151.102,Hurstville,NSW,https://lh3.googleusercontent.com/places/ANXAkqHJAHiJMXCtCSBwPMRwMuFEHmDGd_3FJKh1aD2L7j-rd3Yz4S69x77dcp0yVf-H4B1DgFFqVGnVj4tcMhuamBAIsv3HXoVMC4M=s1600-w800,Mon–Sun 9am – 10pm,9,22,3.6,1005,,,,,,,,ChIJ-yzuE_DxtAERJLpF-aISBqM
44,2026-03-14 11:00:12.321965+00,YMCA Ryde,Ryde,"Ryde NSW 2112, Australia",2,$35/hr,https://www.ymcansw.org.au/centres/ryde-community-sports-centre/court-hire/,-33.8129803,151.1049802,Ryde,NSW,https://lh3.googleusercontent.com/places/ANXAkqGd_tLbn7ayb1lSY_3Umr8w2sp6l3MoXSP1XQ3i9gI58UdN7T2epwkqMpstSMDi5DXMu0GMzxM5HBfz8ewZ0SdPxwaaYxMyXyU=s1600-w800,Mon–Sun 9am – 10pm,9,22,4.3,247,,,,,,,,ChIJt925qN6lEmsR3X6wGOiMGn8
45,2026-03-14 11:00:12.321965+00,Sky Badminton Centre,Logan Central,"118/116 Wembley Rd, Logan Central QLD 4114, Australia",8,$25/hr,https://skybadminton.com.au/,-27.6426004,153.1078095,Logan Central,QLD,https://lh3.googleusercontent.com/places/ANXAkqFoNG5x_s4CHJGx9fB6TiP4YY-sIViodAzLCTTdIC8zu0w1DCVd3XcelLIHHSUewqH14V09HsoqCzyOyzp9_xoxL3kW3ZPHO8s=s1600-w800,"Mon-Fri 10am - 11pm, Sat-Sun 8am - 11pm",10,23,4.4,409,8,23,,,,,,ChIJDUrOuwhEkWsR_6GTmB8X3_M
46,2026-03-14 11:00:12.321965+00,IBC Archerfield,Archerfield,"Coopers Plains QLD 4108, Australia",8,$20/hr,https://ibcbooking.yepbooking.com.au,-27.5658223,153.0206446,Archerfield,QLD,https://lh3.googleusercontent.com/place-photos/AL8-SNGDBBgDY59ODkJ0sZyLW9dfRu4cGnqdBUenFNO7Z-e3r7IwzdvTIgXqHLJ7a8N1eDNAhTNvE9240WQUz_xKHqj8hdK0haMTm4Kooeq0IaZ-BzIfSEKVGRo8buUAoepYwlgUtLHLrUNI9MKbfDM=s1600-w800,Mon–Sun 9am – 10pm,9,22,3.7,253,,,,,,,,ChIJQ9LQGOlFkWsR9E_5y2Mhwes
47,2026-03-14 11:00:12.321965+00,IBC Coopers Plains,Coopers Plains,"Coopers Plains QLD 4108, Australia",6,$20/hr,https://ibccoopersplains.yepbooking.com.au/,-27.5658223,153.0206446,Coopers Plains,QLD,https://lh3.googleusercontent.com/place-photos/AL8-SNHpfyfRRE-oj9Yf4bdIkLTCeo1Ld7aHWkOGTffAv6seoHcMPGY0E4bTYC8e3oMlN1wMy3GrKDbDRHedzeKnEWgzO-UzJUZNUBdd-f3MCmg6Xxl8AHN4B6cwRjPk9wUoS-QEhIRRHnWzIB4Xub0=s1600-w800,Mon–Sun 9am – 10pm,9,22,4.3,304,,,,,,,,ChIJyTh1QD9FkWsRdI56IwGOyHA
48,2026-03-14 11:00:12.321965+00,Queensland Badminton Centre,Acacia Ridge,Acacia Ridge QLD 4110,12,$20-$33/hr,https://www.qbcbadminton.com.au/,-27.588,153.029,Acacia Ridge,QLD,https://lh3.googleusercontent.com/place-photos/AL8-SNGDBBgDY59ODkJ0sZyLW9dfRu4cGnqdBUenFNO7Z-e3r7IwzdvTIgXqHLJ7a8N1eDNAhTNvE9240WQUz_xKHqj8hdK0haMTm4Kooeq0IaZ-BzIfSEKVGRo8buUAoepYwlgUtLHLrUNI9MKbfDM=s1600-w800,Mon-Sun 6am - 11pm,6,23,4.6,24,,,,16,21,21,20,ChIJ-TpAhQtPkWsRnZ0j51Tzsms
49,2026-03-14 11:00:12.321965+00,Sams Badminton Arena,Richlands,"Richlands QLD 4077, Australia",6,$18/hr,https://www.samsbadminton.com.au/,-27.5822777,152.9575743,Richlands,QLD,https://lh3.googleusercontent.com/places/ANXAkqFbva4mHQRzyuz6vE2rQr8nXqqM72UmauwYgof6LmWmtYkbMhPOWBuQNPtTF72FsNTmzZYCot4xjoWU4J5V_q-OYfDBMETxlbE=s1600-w800,Mon–Sun 9am – 10pm,9,22,4.6,127,,,,,,,,ChIJsTmAKHdZkWsRIGEDH2pLEdc
50,2026-03-14 11:00:12.321965+00,Badminton Brisbane,Rocklea,"Rocklea QLD 4106, Australia",9,$15/hr,https://www.badmintonbrisbane.com.au/,-27.5533851,153.0000416,Rocklea,QLD,https://lh3.googleusercontent.com/places/ANXAkqG0ipExzoAw6h5VME0LpY4k7eecdimHdu1y0Bw3phvMExl8Yhen8v5xuChvX7gAW6AFz4XmAalZFaddbVkBpF44Nyto6GYxNV4=s1600-w800,Mon–Sun 9am – 10pm,9,22,4.9,22,,,,,,,,ChIJZcilvhJFkWsRAa9AQH4m1-c
51,2026-03-14 11:00:12.321965+00,Sleeman Sports Complex,Chandler,"1763 Old Cleveland Rd, Chandler QLD 4155, Australia",3,$34/hr,https://sleemansports.com.au/hire/sport-facilities/courts,-27.5112752,153.1532656,Chandler,QLD,https://lh3.googleusercontent.com/place-photos/AL8-SNFWWa4QIEQRl6WJbLENuCJMG-824MOXLrr8zDyDKQgxCrdId_lF75ZacmGC7_rwbDeMlBYIsdS3nkSlx3YYh1pbklbl81CEz0Wslx9I4ADCASBpqvpmtqEDbSSvL2EyB5EWqkqx4pUgflxDig=s1600-w800,Mon–Sun 9am – 10pm,9,22,4.4,1231,,,,,,,,ChIJ_eABcjZckWsR5b28OJGbmNI
52,2026-03-14 11:00:12.321965+00,CPLUSco Brisbane,Coopers Plains,"Coopers Plains QLD 4108, Australia",6,$20/hr,https://badminton.com.au,-27.5658223,153.0206446,Coopers Plains,QLD,https://lh3.googleusercontent.com/places/ANXAkqGkZTz0af76btduvuHtlJO5CVIhrYyjnhdr_BLm7NV_Ixis6p6ax8PcTeDUq2p1IumF03a3jJqEKODQhSAeP4-H4-SVIckIkFY=s1600-w800,Mon–Sun 9am – 10pm,9,22,4.3,19,,,,,,,,ChIJfSxd2QxakWsR6gLwd-WJ04c
53,2026-03-14 11:00:12.321965+00,Dragon Racket Sports Club,Coopers Plains,"4/260 Musgrave Rd, Coopers Plains QLD 4108, Australia",6,$22/hr,https://www.dragonclub.org,-27.5614404,153.0358358,Coopers Plains,QLD,https://maps.googleapis.com/maps/api/place/photo?maxwidth=800&photo_reference=AU_ZVEELIrymxoLT64cQcUdd3bDuqUP4G3zhY2Ydt-gQfGgiXB5GLj_51_oNYRwdeA_TjpJUaSqs7QiEdRuPMTkwTk9S1v_RX3XS-VShDMp-H8wV36N01BnWUqhVflaaIQEouio6dwIlc9jKqzCgV1stQ7qjxcNNjhmrK0mxYmDx-fiRExl2pzVLD-uHl8X8FvhZX5ia4h3nZYiZLr0H9UFOHGB-rvFC_96X7lahT-cl1qZOsFAPWv8ZjJxSryaCx3IphL1mvlzDN-NSmUyk6INZlrMQ89kiVsrQBae1AeiSaOb7sGiLvk39EW0m8V7o1inpRWi0v9AoT254eaG1LHEhfi7tssjwwSr_d7bN9ZUtvm62uOSNwnYxskPkGpI-3u8CmZjTanOCMeJkU3jY4El-bL3Cvf4o7irafRFDbBDRr2tbEYP2vjnNBO1GC6m6nXgih18OBpxCD1NYgJxNi0ZGIZ_h817i_MsSrHmAF2GjIx40rCZ7QzAyjR_C80Uv53nOvC0BtQdmJMoXdlWaKVx7qFyO21gjIGHza-77xEiV539wyoIXWC7Mq_U2Ky4EdSHmDipyPOfz&key=AIzaSyBIStEGU6ASiYX99wWGRUvnwDKRf9tTNvA,Mon–Sun 9am – 10pm,9,22,3.5,6,,,,,,,,ChIJJ38yykBFkWsRqOGyjrx-oL8
54,2026-03-14 11:00:12.321965+00,UQ Sports Hall,St Lucia,"Sir Fred Schonell Dr, St Lucia QLD 4067, Australia",4,$26/hr,https://www.uqsport.com.au/,-27.4942825,153.0030744,St Lucia,QLD,https://lh3.googleusercontent.com/place-photos/AL8-SNEYzs_aGoN9x1foqTbuADpQKofCxNbGPFC2bojnSO1pKUzGTLB34lH6AlnT62k1fkWpl0a0Lf_Z4O-MPEuVih9HUffaP8ITo7wsGtGUxFaa3AG3bAwHMa0xXd1lnFEoNxsnorxKtgnkIUL4wg=s1600-w800,Mon–Sun 9am – 10pm,9,22,4.2,259,,,,,,,,ChIJ2bWebHhakWsRbgbebsxVbho
55,2026-03-14 11:00:12.321965+00,PCYC Mackay,Mackay,Mackay QLD 4740,4,$10/session,https://www.pcyc.org.au/,-21.1425,149.1868,Mackay,QLD,https://lh3.googleusercontent.com/place-photos/AL8-SNHwUWzUQCqvj-qxoWgTHsPx1XpepuJwuvRO9ApavGirarEKxPbSwpJxmj55TYaY8G2-peeQWe_dtV0zSI5lCq5EYgra5QwdWg5TMu-DpUauCYGfiCLOfYCobolZ2hN5qjIsa3M6qUya0_AO=s1600-w800,Mon–Sun 9am – 10pm,9,22,4.2,33,,,,,,,,ChIJXYU2UEfU22sRg419b_dTlzc
56,2026-03-14 11:00:12.321965+00,Leisurelife Badminton,Victoria Park,"Victoria Park WA 6100, Australia",12,$22/hr,https://www.leisurelife.com.au/,-31.9747152,115.8975916,Victoria Park,WA,https://lh3.googleusercontent.com/place-photos/AL8-SNF4lCNdluhe-UJSm3JheVE6aOJsSQZhhQcYOZe4BsYuC36cjxu0Swm3O5MQA0WarBA5hdrju9oerDhuFaMDAKuGHA_ByRkR_Nlhrw8wv00bZ9ILBaP8POc434OAmpEW-ZlLn0AcLEGeL4BxAA=s1600-w800,Mon–Sun 9am – 10pm,9,22,4.3,382,,,,,,,,ChIJG0bkq3i7MioRkoy2VV6u8eY
57,2026-03-14 11:00:12.321965+00,Perth Badminton Arena,Malaga,"Malaga WA 6090, Australia",7,$24/hr,https://pba.yepbooking.com.au,-31.8554761,115.8933973,Malaga,WA,https://lh3.googleusercontent.com/places/ANXAkqF8xx2zXTKds1Fr2j_pG4swUDb58sCkKxCEIpercwl5J5DKjYTrxE3T1bYZACnxqbh5_7UGN0BxHNlFbHJ_DIs586swuntvwPk=s1600-w800,Mon–Sun 8am – 10pm,8,22,4.0,41,,,,,,,,ChIJf8nfPACxMioRxcLdQ4kUTKE
58,2026-03-14 11:00:12.321965+00,HBF Arena,Joondalup,"Mullaloo WA 6027, Australia",21,$20/hr,https://www.arenajoondalup.com.au/sport/court-hire,-31.752231,115.7693535,Joondalup,WA,https://lh3.googleusercontent.com/places/ANXAkqFFFGTzgxWrMqZ307z-CWa6JK4jfOT2NoFPFvb9apFpjcxJW3OCSnzsYk77mR55UyyjuK66B8h2iYGd0U1JFAKybhKw2FbjCwQ=s1600-w800,Mon–Sun 9am – 10pm,9,22,4.3,1382,,,,,,,,ChIJmWhev2JTzSsRXEkdHedC3rE
59,2026-03-14 11:00:12.321965+00,UWA Recreation Centre,Crawley,"35 Stirling Hwy, Crawley WA 6009",6,$22/hr,https://www.sport.uwa.edu.au/bookings-and-hire,-31.981,115.818,Crawley,WA,https://lh3.googleusercontent.com/places/ANXAkqF4aOwCZP2bHNt_AGQbZkyHhQNJiQ1qq746FvvuB6TD8tSP4XwVkMZOSpyzNOeWBACNXyZFHnNOQE6EYJA0w5oS6c9Kvk_v7KE=s1600-w800,Mon–Sun 9am – 10pm,9,22,4.3,256,,,,,,,,ChIJh3h0TPekMioRQ7n5GmL2CNU
60,2026-03-14 11:00:12.321965+00,George Burnett Leisure Centre,Karawara,Kalamunda WA 6076,4,$20/hr,https://southperth.wa.gov.au/community/services/social-badminton,-31.974,116.058,Kalamunda,WA,https://lh3.googleusercontent.com/places/ANXAkqFHaYqOMT-W6_E9gixKFcf_GNMdLgl6fvTDK0id2HC1BoaCqrU8UZxaJ9K4SVQ_lKOS8nRu0CD5_awExpIJlwoZqo89bYQqo6E=s1600-w800,Mon–Sun 9am – 10pm,9,22,4.2,214,,,,,,,,ChIJl_FrX5S8MioR5nL65cNvRmg
61,2026-03-14 11:00:12.321965+00,Adelaide Badminton Centre,Torrensville,"60 Hardys Rd, Torrensville SA 5031, Australia",9,$31/hr,https://adelaidebadmintoncentre.yepbooking.com.au,-34.9181554,138.5544425,Torrensville,SA,https://lh3.googleusercontent.com/place-photos/AL8-SNH4VicJbTCLJhbr22IjZw670y0FJd67Pdy6YG1_8iMkWZ3qK0pv5b9np8R2aAmXmWANqx9pQ6o2WnegwpUHsmL96qVuswHfcPhimMleJfR4phG_Sc7WQHzWNddNYyzKmyKGbCqjtzhBPiI3Jw=s1600-w800,"Mon-Fri 11am - 11pm, Sat-Sun 8am - 11pm",11,23,4.5,390,8,23,,,,,,ChIJKQpSZovFsGoR2NZmHnkX44M
62,2026-03-14 11:00:12.321965+00,SA Badminton Satterley Hall,Lockleys,Lockleys SA 5032,7,$25/hr,http://www.badmintonsouthaustralia.com.au,-34.927,138.531,Lockleys,SA,https://lh3.googleusercontent.com/place-photos/AL8-SNH15WFWktgv1NFgVTgFAGd-GRZ73tn2dt0AuWXAlrQICLM1DbKgrXjLj6MdguqTTWyCEjXKgbFNkZtXa366ZQCEm64z4iJYq2R1ipAy7PDqCGDjMXDJxlavV2R2TNp8s7epCZwXV_zJvRKjhw=s1600-w800,Mon–Sun 9am – 10pm,9,22,4.6,116,,,,,,,,ChIJSZ08QgPFsGoRtgLqARsVoiU
63,2026-03-14 11:00:12.321965+00,STARplex,Evanston Park,"Evanston Park SA 5116, Australia",4,$18/hr,https://starplex.com.au/sport/badminton,-34.6254277,138.7454371,Evanston Park,SA,https://lh3.googleusercontent.com/places/ANXAkqFwHuYyQ18k3isCP_Tp6T9JMioyTzt1Fdk9h_DECwYifoes7ZrE0_VkDg1lTdZ8l9DV5Wwk3As8Z8gwnPB3lV7vyUqbEd0OCy8=s1600-w720,Mon–Sun 9am – 10pm,9,22,4.5,169,,,,,,,,ChIJuxOqSm1Vt2oRG5CFJX9v5ek
64,2026-03-14 11:00:12.321965+00,Badminton ACT,Bruce,"Battye St, Bruce ACT 2617",8,$22/hr,https://www.badmintonact.org.au/,-35.248,149.098,Bruce,ACT,https://lh3.googleusercontent.com/place-photos/AL8-SNERI4H7JOltHdlRAAlofdb6c3AzsXhXB93Vbk5oy3j9PplSlaCZL27vJnkEgaAUQDyCTzQ3APbMysK6Ci4MHqtV15-eNzZJrLwwoO4fWsa79BXw1PAdeBYLvxgYwtIuNXRgLikEs_njVkyLBQ=s1600-w800,Mon–Sun 9am – 10pm,9,22,5.0,109,,,,,,,,ChIJuQ3avfSF1moRAChNjFHLPC4
66,2026-03-14 11:00:12.321965+00,Badminton Tasmania Hobart,Hobart,Hobart TAS 7000,4,$18/hr,https://stbacourts.skedda.com/booking,-42.8821,147.3272,Hobart,TAS,https://lh3.googleusercontent.com/places/ANXAkqHbjV1kW2ixfV43S8_dFP2u-EW-WKQza-xJGYQVfwq6M8qJFwvmGAPyDoyDLdT5ltpNWIP9AIjwjOlJXPJheA5yWoewXqVXdM8=s1600-w800,Mon–Sun 9am – 10pm,9,22,4.5,162,,,,,,,,ChIJ6Vkyseh1bqoRKuARVp1IkOA
67,2026-03-14 11:00:12.321965+00,Launceston Badminton,Launceston,"Launceston TAS 7250, Australia",4,$15/hr,https://www.badmintontas.org.au/,-41.439068,147.1357671,Launceston,TAS,https://lh3.googleusercontent.com/places/ANXAkqG23ESQ8uG8xs8z6ZIRFk4mrNYANTlZ2wBjla_XhsQ2ploXm78xxZWM7aSiZxk9K_fBPjzoJ4HKN3n1lIwwzlKpTA6v0MoqpgI=s1600-w800,Mon–Sun 9am – 10pm,9,22,4.4,117,,,,,,,,ChIJEzwAD-WmcKoR8XKDI7kCzVw
68,2026-03-14 11:00:12.321965+00,NT Badminton Centre,Darwin,Darwin NT 0800,6,$25/hr,https://www.ntbadminton.org.au,-12.4634,130.8456,Darwin,NT,https://lh3.googleusercontent.com/place-photos/AL8-SNEwj0ZMJG8JvWmHJhDfLKI1yxj5BeNiH3ERksC7MHJwDKcdaA8X1usp3iuoCqAhE0Zdb5ITzyANCp-7E8iRwJqmxov3Z7FeDnFfwCCca4ZAKlul3zu-2cINhlkh_NPYiiYQh5b1B5Iz48N4qg=s1600-w800,Mon–Sun 9am – 10pm,9,22,4.7,42,,,,,,,,ChIJzSdUeQKUwCwRacxNFNWyPOA
69,2026-04-04 04:29:14.569944+00,Beyond Badminton Centre,Clayton,"6 Torteval Pl, Clayton VIC 3168, Australia",18,$35/hr,https://beyondbadminton.yepbooking.com.au/,-37.9285585,145.134581,Melbourne,VIC,https://lh3.googleusercontent.com/place-photos/AL8-SNERI4H7JOltHdlRAAlofdb6c3AzsXhXB93Vbk5oy3j9PplSlaCZL27vJnkEgaAUQDyCTzQ3APbMysK6Ci4MHqtV15-eNzZJrLwwoO4fWsa79BXw1PAdeBYLvxgYwtIuNXRgLikEs_njVkyLBQ=s1600-w800,Mon–Sun 9am – 11pm,9,23,4.6,297,,,,,,,,ChIJmf9_43Zr1moR3vKx_NALT6A
70,2026-04-04 04:29:14.569944+00,Alpha Badminton Centre,Silverwater,"f47/2 Slough Ave, Silverwater NSW 2128, Australia",13,$29-$38/hr,https://alphabadminton.yepbooking.com.au/,-33.8307748,151.0496993,Sydney,NSW,https://lh3.googleusercontent.com/place-photos/AL8-SNFbo14Xc9M1dzcumKGb0Z35jbdb1_MPYrUSOkAlRySKun-IYKqh9Jbq4x8Q3Y5OK2lIPw60tuCWVd6VQ9kcNSB-RRFgQryNL-4z66QiN2NCa4GS9quTRzYezG7N1JiEcKsQg0qrm3pNEWayOg=s1600-w800,"Mon-Fri 9am - 11pm, Sat-Sun 7am - 11pm",9,23,4.5,228,7,23,60,17,22,22,20,ChIJmZXOtWWjEmsRUqvI1ikzW68
71,2026-04-04 04:29:14.569944+00,Hunter Badminton,Wickham,"Unit 1/16 Albert St, Wickham NSW 2293, Australia",4,$10/session,https://hunterbadminton.yepbooking.com.au/,-32.9186937,151.7559623,Newcastle,NSW,https://lh3.googleusercontent.com/places/ANXAkqG2kpd8DMQ6YOsaTImtx-qK_abBhBVsm7agCOqPGbXPcbshFRtjw5AaUny6WTafOcC3Mrf4VQ6U-yK1esjIezyXaRNot4t3hT4=s1600-w800,Mon–Sun 9am – 7pm,9,19,4.8,80,,,,,,,,ChIJsVhR11YUc2sREzTj_584P1w
72,2026-04-04 04:29:14.569944+00,Kings Park Badminton Centre,Kings Park,"6 Garling Rd, Kings Park NSW 2148, Australia",7,$21/hr,https://sydneybadminton.intennis.com.au/secure/customer/booking/v1/public/show,-33.7454338,150.9140206,Sydney,NSW,https://lh3.googleusercontent.com/places/ANXAkqHYTWeHv6Z3TtLWwFe4G4ImPWLfyAQGtn9wa2ruySJcE5xHWfcfVB9xdSNUFYuIVtnDsDdUcZ1ZKRV63lYjmQD_zCLSp1jRj2I=s1600-w800,Mon–Sun 8am – midnight,8,24,4.4,143,,,,,,,,ChIJ1189RYGZEmsRgq4yKG0kgZ4
73,2026-04-04 04:29:14.569944+00,Brisbane Badminton,Crestmead,"39 Quilton Pl, Crestmead QLD 4132, Australia",9,$25/hr,https://badmintonbrisbane.yepbooking.com.au/,-27.6919103,153.0721357,Brisbane,QLD,https://lh3.googleusercontent.com/place-photos/AL8-SNHbR_qst-TdT-OXJhQ_deRVc3ioyH8_YlxoauNDxDzyGMoJ8jOJrDFhmpUnPb49w6r5IAX_bPdulzrr9xfmrlgDe6toLMwl7OEqgr9UNmFneU9Im451iQdfLTwuDCw3lqDkCJJ0ORxdq75m5iI=s1600-w800,Mon–Sun 9am – 10pm,9,22,4.8,98,,,,,,,,ChIJHQRNu_JHkWsRm2wLIhPdCyk
74,2026-04-04 10:19:38.580927+00,Star Badminton Centre,Southport,"6 Pinter Dr, Southport QLD 4215",6,,https://starbadminton.com.au/pricing/,-27.9746362,153.4098378,Gold Coast,QLD,https://lh3.googleusercontent.com/place-photos/AL8-SNFVoSQ6T9ZQGSEaVcGjq9z9-zaCLCv-Av_NFvtRZz5CFje11FjgZIOoPUOPQjr5VmluKzwdiThLoDbal_Qxw1KG0_HePFAKHPm7qC-NH1ZugXl2fIKM2VD3gL2LsGntaq5kKuTBcHwPX4kqmw=s1600-w800,Mon–Sun 9am – 10pm,9,22,4.1,182,,,,,,,,ChIJA1RJsIUPkWsROfKaZZ12Iqw
75,2026-04-04 10:19:38.901877+00,Nambour Badminton Club,Nambour,"1 Coronation Ave, Nambour QLD 4560, Australia",4,$16-$24/hr,,-26.6237369,152.9602119,Nambour,QLD,https://lh3.googleusercontent.com/place-photos/AL8-SNEJ2IuP6QZ-Xx3ForTMwVtrFUjookTYFMHh1yTISWNFlQ6JVe1DvZtEH81-UJSCHXYH7nLJAZ4vQyEGX4kCFcsh6zaUF_pvPh9VCY8FGBlS3ylRNa3JEeOToglTIHTOLIABLEr5V0fiES-Hkg=s1600-w800,Mon–Sun 5pm – 9pm,17,21,4.8,19,,,,,,,,ChIJowDMYwd5k2sRHNWbzq5YZ-E
76,2026-04-04 10:19:38.983286+00,Cairns Badminton Club,Parramatta Park,"129 Mulgrave Rd, Parramatta Park QLD 4870",8,$7/session,http://cairnsbadminton.net/,-16.9269199,145.7622833,Cairns,QLD,https://lh3.googleusercontent.com/place-photos/AL8-SNEc8g4aG7MLTFr4ahrwGm-GpfxD_-FFFYplYWpclWcOrGca0ulalYmyr7ryKUeiFYSnIxp99HaEZEOjEaiFIMJCgezR3rZUAFcjpfWwryB3aAE_dSzxs-ZpS1qjEPefnYSJJVOd8bvkEPpE-hWeE2rTIQ=s1600-w800,Mon–Sun 9am – 10pm,9,22,5.0,5,,,,,,,,ChIJgd6PSJ9meGkRj-h2nvCwgm8
77,2026-04-04 10:19:39.069805+00,Beaton Park Leisure Centre,Gwynneville,"37 Foley St, Gwynneville NSW 2500",4,,https://wollongong.nsw.gov.au/leisurecentres/our-centres/beaton-park-leisure-centre,-34.4182638,150.8875387,Wollongong,NSW,https://lh3.googleusercontent.com/place-photos/AL8-SNEGl5lTEvC2yU8X1HSGoFJzrq8wxFZ00tqc25jKNdKTgO7TKg6nI7GDm4AALI70zoyxsHS1y_WNN3JvR0HpCrqZG346g4SUiKXDGV42zAJHbouKdoThDejn-JWZtx8CANNn9iuBSUYHvoCkpg=s1600-w800,Mon–Sun 6am – 6pm,6,18,4.3,567,,,,,,,,ChIJXSPlgaAZE2sRoGvy-Wh9AQ8
78,2026-04-04 10:19:39.15166+00,Elphin Sports Centre,Launceston,"Racecourse Cres, Launceston TAS 7250, Australia",4,,http://www.elphinsportscentre.org.au/,-41.4305894,147.1488484,Launceston,TAS,https://lh3.googleusercontent.com/places/ANXAkqG23ESQ8uG8xs8z6ZIRFk4mrNYANTlZ2wBjla_XhsQ2ploXm78xxZWM7aSiZxk9K_fBPjzoJ4HKN3n1lIwwzlKpTA6v0MoqpgI=s1600-w800,Mon–Sun 10am – 4pm,10,16,4.4,117,,,,,,,,ChIJEzwAD-WmcKoR8XKDI7kCzVw
79,2026-04-04 10:19:39.246689+00,Samson Recreation Centre,Samson,"44 McCombe Ave, Samson WA 6163",3,,https://www.fremantle.wa.gov.au/services-and-support/city-facilities/samson-recreation-centre/,-32.0713189,115.8015522,Perth,WA,https://lh3.googleusercontent.com/places/ANXAkqGsD6Fi0bvcgpg1eMeKjtReqf9hGg5X5wy-NH2v0MkohvevNvYt6slfa9fYuUoNJ7__tDDJ-DjoDNCSbWOGAHzyohYHRWdQ_BY=s1600-w800,Mon–Sun 6am – 6pm,6,18,4.4,65,,,,,,,,ChIJpVk78V6iMioR7NVTHQj-73s
80,2026-04-04 10:19:39.319598+00,Mandurah Aquatic And Recreation Centre,Mandurah,"303 Pinjarra Rd, Mandurah WA 6210",16,$11.50/session (social),https://www.mandurah.wa.gov.au/community/places/aquatic-and-recreation-centres/sports-at-the-marc,-32.5369825,115.7369599,Mandurah,WA,https://lh3.googleusercontent.com/place-photos/AL8-SNGDqFuuZeleZFTmi1FmaAYiQFu_g8_PJ3t45usdaTGn-ngAGCPSPpYAlwYrb8MJDAWJ7B9jVkUi7mPgKPbzFXvAxIeX_oCPI4MtVLbewpRUK9YR6lfJwGPM6kokDDWtDGWCgg_VTiVIboX1FCc=s1600-w800,Mon–Sun 7am – 6pm,7,18,4.1,268,,,,,,,,ChIJVVVV2Et5MioRpoU-EW89aoY
81,2026-04-04 10:19:39.397018+00,Murray Sporting Complex,Annandale,"Stuart Dr, Queensland, Australia",3,,https://www.townsville.qld.gov.au/,-19.3327609,146.8261158,Townsville,QLD,https://lh3.googleusercontent.com/place-photos/AL8-SNH_CXbYBfpkN1LIhd1wvOL7zVURYQjlZUhUj-7tGuWwzdDt86Mxf053yX01Ze1RAuBQBvHXIdfrl6V1whrM8Wo-phaU4_ru2SS7YrBRtS-dd6yE8TwzjrWHgYK3zA=s1600-w800,Mon–Sun 8am – 4pm,8,16,4.3,353,,,,,,,,ChIJGf3oA9z71WsRMOxhYvLuAA8
82,2026-04-04 23:13:16.825248+00,Box Hill Indoor Sports,Box Hill,"9 Clarice Rd, Box Hill South VIC 3128, Australia",3,$40/hr,https://boxhillindoorsports.com.au/book-pickleball-badminton/,-37.8358231,145.1313566,Melbourne,VIC,https://lh3.googleusercontent.com/places/ANXAkqFoTLG5E6Yc9Btrjz2fO2XPB91qnN6bWDw0oHlh92QomywwwU6r0AgaW8NjuyAj6yxEw0mA_X3_2XPN1WThT4R7j031M2amo1k=s1600-w1200,,9,22,4.4,475,,,,,,,,ChIJn4G-NJlA1moRnIP842T5zyY
83,2026-04-07 23:34:53.882889+00,SA Badminton Arena,Enfield,"34-36 Ragless Ave, Enfield SA 5085",18,$32/court,https://sa-ba.yepbooking.com.au/,-34.8683822,138.6025739,Enfield,SA,https://maps.googleapis.com/maps/api/place/photo?maxwidth=800&photo_reference=AU_ZVEFOuEFBqnVdwgj0IULh8ZxqOx4_fVVlbuTYjQp70wNyJmW6LiQ4GSIDp0B16YKZKkwQ313egHRJmEvCsuuyEmvdmHX0fzUg3YUentjnTyH-YYkPTc9_RqR_-53SkCY2kggfWH20ZaUt7INU4ybJ50j_GvS_kKhrU08TA0ZOFVrM7zWgMLhtT8eBZQfgrG7YlH4gx8RjMcDkuX6c1nktna17eGUpB-P5kb6Xn88w-EnadqmvBvUj-ainq3VZU19xsK34kRNDLM5kjmqLzPds3B2kbP2CH86RtOSFv9KAGrWSXq16Qh7z0otec8DhfR0Elaz-7px9RgYbAU-SDJsXYCrWdzaE6xLtKSsth4jkqvOIvwM2AMe9G8OpHv3tR_zRvRpSGfOzIahCgiaMZJix5wMzTfC8_2T_cgJY9cIoYg0GgJ4P_i9trfa9p6N4TklDKTLsj88OJQ3cAbhA6htNcJ717hWw8mO3aZyuUamG4vd6LQNM-K0phEaNrwBPhajYFI7zQIr4Bnqqeaz-OSagonZYFYKq4IBpl1_mnljEtTNYyinjr6dld_uKKMEfRCXVmmygUgUuoIllqWj8y6Bdqg_kHaUCpw&key=AIzaSyBIStEGU6ASiYX99wWGRUvnwDKRf9tTNvA,,16,22,4.3,15,,,30,,,,,ChIJz0X_clDJsGoRQelg3WX3Irc
84,2026-04-07 23:34:54.677505+00,The ARC Campbelltown,Campbelltown,"531 Lower North East Rd, Campbelltown SA 5074",4,$26/court,https://www.arccampbelltown.com.au/55/activities/badminton,-34.8846676,138.6576538,Campbelltown,SA,https://maps.googleapis.com/maps/api/place/photo?maxwidth=800&photo_reference=AU_ZVEEj1XCv6Eu1Y6CIWX2nm6Iq1z2xhmgX3AU2YvajjvVdeAz7mDOUTHSadEdWk1Y8EP5cNWAaE1tLtGw7QbBRrdVVgUi3Dc5Fgp-2tTH24MCCKV1jJgbkA95XilIe3cLX7pAfMZ1O4UXTotbe-xrVCsnbNCxJLu57vemIel-OIs0VBKQiGjrWAbKGhkaK7YZyqnkri677R0j_Ga9n8OAehjXk-KMmbFTB22KjwrOAD_NIuFpnCHAOgkHcdJQ8rGG1P0J7GOW0Efnj3nrCwEKFKfM7oykhzfP99rPtKM2uEd_Wm4GVe_WOrQx0_Iqu0WQWGrXWadIrDLcEN6WkbkWT0RNdsoEAdlSbg8sr7P4WuFEKnG_NlC0nB71J8_cgpUrLkCdGqqDty2f0iXzNmJrSyTdj9Ws9veMCBgKvyDryOKR83M1AFCgcGoEg8MbOI-fyP9L3iKr2KRqMjoQwVCh1fu9q624YErKTuNklLArK4qeYblLvMoy__xxxSSQKMSPqvGrObqBRmuZ5rWr4oCgydFLAxD9DcjMKMul2zkTWGd8_OtNkvGIi25ktC-BcL_0c_Ct2fNHL63FKcA&key=AIzaSyBIStEGU6ASiYX99wWGRUvnwDKRf9tTNvA,,6,21,4.5,1650,,,30,,,,,ChIJ49azEBXKsGoRNVEfKrAHxcA
85,2026-04-07 23:34:56.632632+00,The Lights Sports Centre,Lightsview,"244-270 East Parkway, Lightsview SA 5085",,,https://www.thelights.com.au/,-34.8627357,138.6197814,Lightsview,SA,https://maps.googleapis.com/maps/api/place/photo?maxwidth=800&photo_reference=AU_ZVEHN-1Sw5rCF6vfvTXnjSpoqmdMXYdWqA2z8na9T9zKnQ5JQBy7Qp76HJZFuUlvLW1zXGAjxrvV1MPR1E1fdF1Mvl6CRj9tDTkailg7K6vs5B95ELTysVVHo6KEg5wDKwbs0qUP-SlnQwtyKXQal4SM5g3fZvd1evAJPiKMb7_2EzRQ7I3vw5BaWiA-c5NuAnzDV0kQIRFKXDQakAXRWghzYE3p3GsPTav-8ADhrAKZq5MnVjc7GMFtynuZrx_8HqjMfjCnDEGi6r9EUjeIi_vyvFIcaF-5LE29O1grVPb7ZPun0stE14DB-VZJufFY7ZfVJ3C8VTguF2O1oMRm6-S-oilK-cxlHz6gQtGLXlZ0cBiJvh4zJFaU8xKEOU8Zpsu3bOqHHQVEHSwm6d-KI3KPatvU7bvNATTSKCbUvTcbuSfxLb8XM-Q5QtzENJBGtQFXU1RcRBE3xa-2fgN3DSfQ3bg1f1SpLDJWJm46zAiUPgXB1zN3ulTqmB8ZykDIwaXdhTUW2Ut_urblc4zcN6XcS0MJ4yM66mP_6xlBxDa1IqgsC8aPFfqp885kaR5okJgfBkQ&key=AIzaSyBIStEGU6ASiYX99wWGRUvnwDKRf9tTNvA,,9,21,4.6,455,,,30,,,,,ChIJV6Cq4q7JsGoRP9eO9ylTjdI
86,2026-04-07 23:34:57.345693+00,Ingle Farm Recreation Centre,Ingle Farm,"3/58 Beovich Rd, Ingle Farm SA 5098",,$22.70/court,https://inglefarmrc.com.au/badminton/,-34.8319444,138.6491667,Ingle Farm,SA,https://maps.googleapis.com/maps/api/place/photo?maxwidth=800&photo_reference=AU_ZVEG561oxUFPBv9Gw36OTR_-CTR5OuhOF9Tod0qf4OnUNyPVUz-W_Y-WyTGrQMvm5Gfj6WEgxY5puS8UpLtCrZmT9Iver0ra4zY1VQylSkuHE_fn_B7hOhiEL9YECAS7QUD82sx2KmduJcT05KuJoTAhZbq2bCTUcH1EUhYsNukrXcCdfi3z83A-YZRoNp7kHa3E4HPbUC5iQMjveH8cUUN077y4zfQ3SNiIzCVJRWbbV_C6Da8H8sM7ttt2VUFL4WieOZ7cna2YPmj7MmN7XhkzBJ9RoNe1KSh5Q57Hle253gdcsdwjyj3pPgztARal-1EFuvB8kybNenYHZozSGsZa8pE0kIrWiSVgWZSAcsZptQXAg1Z5U2HBQjnOr7DKQPCLVtSxdvlZeZfiuJ-VrFgSd2zCfhxi_mOX-ceBWtB2ZjSFhBU_1eguIT6H1uGHcOsH25CBBWIfGsOHLOaB33VWivs9pZLgn7-kVv0oabqLfGaceeWoPt-YWePkfBeCrbD48Mp4MC_7kK2_EAJrCg3iRwDu9qBobEeShYkB-PLescEg16GBEPta338sMXRctp6Lajice9qNm_w&key=AIzaSyBIStEGU6ASiYX99wWGRUvnwDKRf9tTNvA,,9,22,4.2,431,,,30,,,,,ChIJaTdwkNa1sGoR0T6m46EkQM4
87,2026-04-07 23:34:58.024538+00,UniSA Sport Mawson Lakes,Mawson Lakes,"Mawson Lakes Blvd, Adelaide SA 5095, Australia",4,$10/court,https://sport.unisa.edu.au/,-34.8182289,138.6114511,Mawson Lakes,SA,https://maps.googleapis.com/maps/api/place/photo?maxwidth=800&photo_reference=AU_ZVEG03m0Ml269Dbjb76v4hnQOBcsyEb3bhHz6ONKgJ0Fow0qsWO1kRd9Zeop4_tpwEM0s5EJ5eAAo8EybnkBNEMaZpoVhW8pUxZhAFMHgLxFbuCVL0NlGQdlgeUohGUff6KSpSQUijn3gzeXW4VdpwMTT9tSSvRL4syFPohJ2L_XvzjFM1udinEQR1WHUycM6FtKjnMg2VGIoxdGtigJRZnZIcs9c0rPkbifbdJM_efpcBQu-71eZYuM5ZVuERAAYyLEEwbfPuzI843FzBIlX0Km0Hc1618NvmSZE_xYJ4MwLUnocQa2o0cZcmwqS0SfEvwHyfoqjG2O_uFFj680knajVDsCVFFKnMMtuVyIqexZbfGuK2Yo5lQKjrlwdkcuhm-IHDxtXf9LWjsLmfp6RyQ0ZTb5kjnvwtiS2xO38aX9Xsdpf1aRc5pVT0bB-6Q2V_4A7qft2Ms6DDaGrwdgQVIQxifE3Gab0qEOR92XW7TpJ3eiDg_Er_7-RSf2xbxhNATxDeSXbuADBSfKbY6VpOcmn8YY2V5nDwuSCy49d8OP3AcKyfTiipX_5tijLfTuirvi8KqWP&key=AIzaSyBIStEGU6ASiYX99wWGRUvnwDKRf9tTNvA,,8,21,4.3,71,,,30,,,,,ChIJX_bTRIy2sGoR2T4Oo8H9AMY
88,2026-04-07 23:34:58.716632+00,Marion Leisure and Fitness Centre,Morphettville,"Cnr Oaklands Rd, Morphettville SA 5043",,$10/court,https://www.ymca.org.au/,-34.9952111,138.5456255,Morphettville,SA,https://maps.googleapis.com/maps/api/place/photo?maxwidth=800&photo_reference=AU_ZVEEO4T4Lu2e9z8daQy_wW09vMHS4AhMxID0gmxuYhOJS44pCUbi5DZxrQb9eNt1kquQ3ujHMfDjgdd4JJDQyKtQZS2Gwxckyf4QmHq8Oe9u-YCLNsnUc8PX0hWLxVuIpTQqv9gPSdyMD8ShQD4nA1ld4PE2I-o5unvd6mYxTG-8nGAPZ3CECzBKCahPFch27JRFqwxuF9AaKhT4YYaCiRrYwQuEyT90vqmU68XmbyR9mDybDQv6ipE1JiHmfht2iYKqg-4D-1a1mwh-Ni5Go66AvU4IHv5XjKKObp537mmzMFfYYMLTeb8zbcrJ9TkOaugazbjY5Szqekk9BTx2_QoVjGeWfc-Bd7tFmccqKjy1gq_9YRhpvIULbRtPC3R-5tBsWSB5JxLDVVAqeLFYSyt4BHBJu7A4PZZQrGYFzUYS_Yv0KbK6ugeyQ9cKa7CxSW3lltJvkEOTBaLPvDcN_cz9zFvzlghpTh9F-_Rws6a-op0F_fdUmz-QRpeHGZ5tI3t51B5XOF1XLnl1bs6piBsqsSCdKylyl3Wwe6CWJM7BXHgR8SatdrCoQ-wllV7KKa1iVwJp8NNnAv51bSYC234fzbxkv3g&key=AIzaSyBIStEGU6ASiYX99wWGRUvnwDKRf9tTNvA,,7,21,4.3,247,,,30,,,,,ChIJAUDb35HasGoR5yJgF4fGVAk
89,2026-04-07 23:34:59.443463+00,Parafield Gardens Recreation Centre,Parafield Gardens,"Cnr Kings and Martins Rds, Parafield Gardens SA 5107",,$22/court,https://www.cityofplayford.sa.gov.au/,-34.7745087,138.6169763,Parafield Gardens,SA,https://maps.googleapis.com/maps/api/place/photo?maxwidth=800&photo_reference=AU_ZVEGrshMU5Fu9IJgU5LKQgUNGIuVF1yfUaAb1g70r8lg1FMLUKEpvOkcEauxi8Ee_WExU3mBXgrHabNma5-nKoffhrgjwQwiFZnjX96bUf5OLIHwhmTP-Tn9tZHo9HSgonwdVnHXJLM6QFsGvRhQJAihR4guJYTGYDCcQnW0ib6MFW5NgkfyUDiU1qrevPL8_tc7c-hs0yjuqqdgLYvCaZd_EVRfKbk2bkpokAU8R-Q_VUjU_iUL1hjREonQ3a1EFgaC2uVyXNld2zxmsft5Dcb2d-q7d1kSwfxTxZeKWOsF2muWhDa7ysyVkIXTRu3CN6gdJ5tnrU6bztKtOFQxhXu4t-nXxhzXB1A6ORbrMpipMbVYFA6UZ9VYZXSN3265U-NAXKdzHtWdkR5nMuvYprxlFTQVatnGaVVxYFcbj3Ju9mA2VufcCkxB5XC9AvoafYHo3CuPRawD9aOpNKVclu43Bufa659h0CZRj971T_eangOlcWtNU9A7X4qgQhJlO6I9srHuNsClB54sVwmgMRck9SHdeFaa_tiDRZRoaUATb9ERRDmbCnfxJhGsZJ7I8JCab6S8tZpdU2xeg-6FsTW6zF5s&key=AIzaSyBIStEGU6ASiYX99wWGRUvnwDKRf9tTNvA,,9,21,4.0,290,,,30,,,,,ChIJgXtGKjSxsGoRvMUH3ILeUFs
90,2026-04-07 23:35:00.169609+00,Adelaide Hills Recreation Centre,Mount Barker,"2 Howard Lane, Mount Barker SA 5251",,$19/court,https://www.adelaidehillsrc.com.au/play/badminton,-35.0746136,138.8623595,Mount Barker,SA,https://maps.googleapis.com/maps/api/place/photo?maxwidth=800&photo_reference=AU_ZVEFf6suK-u9bHG77sX88--5nuFzSOM9V_Yr3JqtjOVxQeeUpV4WHG9JFKOC3fJBo3OxrJzljicwEuoNtS7oMcpK4i784H5CvyeR22akB27Xmw4wW_-hb9rNXqGkr3Uj0l0iN5o-DkZAlesY2NslVnLIiaqRP__PYTF3VrCeuY__qItk3-Lc1JCaQbX6SSOBzV2ichImrjVn4xSiM5DGAkmpF4Ta--dhpbuyLtvYDGKsk0qQklx5YOlYy2zy2USyoOD0STgb_PmxQ8WaoO6sDQwHEhfbbFbHCG0bjKd0ME71k3o97zjWDlnSLWo0yZbPzo2BFyT0_LHJxPR_ssduSHnSphcoLfNSt0rXY5E3gZrIOuD5zCCA5MD2DK1DRDTKV7lmziDcVMthG0wegZf9MLwPun9kJKUv9cRlpttDbeY7kM-OHP1o8nTJ_GN9Q9dPIxFUIRf88axGmZibhKKVcejRG2tiUgymCUerlYTBQfUOmTxSMKdglhAzkZe3t82JyCPxLzvgSqacWuW2l9BQ-8l2YXX62gOzXCA5373kkAKjfLntLlU2I19FNf176FLYzhMaYksfOGuFk-LZVcShE4dhUkr1OqQ&key=AIzaSyBIStEGU6ASiYX99wWGRUvnwDKRf9tTNvA,,9,21,4.3,117,,,30,,,,,ChIJq3U2l2kwt2oRONbvQGDgnr8
91,2026-04-07 23:35:00.931043+00,Erindale Leisure Centre,Wanniassa,"115 McBryde Crescent, Wanniassa ACT 2903",6,,https://erindaleleisurecentre.com.au/,-35.4030524,149.0956029,Wanniassa,ACT,https://maps.googleapis.com/maps/api/place/photo?maxwidth=800&photo_reference=AU_ZVEHjznEzmzJOygWO9mJqMvcx24_W0rdICK9EhQDdNCsvuiV4P-1tj7HymQr_-fXa27HxAokSwxQAMQfXTp9R4mn5u9SRMf9yT08u8zDBatSjr2EItvW-oHYwJeuthf8U4u0WnBQ0jMCEktZC8TAWCc990ynkslxw5wgadOqy2HkicDzNKkPz9FOlTZfsTGkavrF9UZmeHd8QAxOU0uyPdUdP79yiwf9qnfjHVCdvW4S1TvaMtw19-a5XAM-aXxq-jD6uGiORI2T3aK-Ig9vqf87dCPPDn0IlJQhJmNpjuntw0R6h0_eOfT4ZEjEE6u3-rv2wb4OXTL3woovcCWVZkAE2qqf1szMKLzLTU4OtjBxAfWbDOt_kkx2G1vQ3HtG1heGyJGUH1zVv5pCHCHw4mO7ZKPWlEu2xPrEngUHh3f5rRRB5ZVyz6zJpmI-YJxP7DhWx2orarx0g4bMgH88XWThcGzHck00VZnW9uP0cXeinb1XMF18qaRw5jecVhwEKltSUbls_qBaqPMSCrqL01M2CKeufVDRKJqEmmyLUwkcxS2a5VQlf62Ex26THbxSYMsh2zw&key=AIzaSyBIStEGU6ASiYX99wWGRUvnwDKRf9tTNvA,,5,21,4.0,250,,,30,,,,,ChIJ21nNYEW1F2sRHgvK6GKyIG8
92,2026-04-07 23:35:02.044023+00,UCFitX University of Canberra,Bruce,"Building 29, University Dr South, Bruce ACT 2617",8,,https://ucx.canberra.edu.au/,-35.238352,149.0886567,Bruce,ACT,https://maps.googleapis.com/maps/api/place/photo?maxwidth=800&photo_reference=AU_ZVEE3NUsxxRZnIvegQvEcjNxVu3CvJ56G6SGCobpMOyCkagMOXACp1r3zSFdybZ_BP_wHeKHqaMsqMwErX_yshIxxlI6GSTQAwKTFC_2WEhal09ivOZo42xSlptAU6HpNQBv04dHTC60Qmq_CNKFLK0NUIVVYZJJoRt_TeWaNkAiS9zPOB6pKrdU2_fIvtzrwomgFY1PpXzBnsC3DpftAm6clnD3yDhsmNTBmW2edRX-USJZBSLWpZMk6AqJGbacUN7fy0sc6O0fxMb3pABNsvZgsZzpErdDDddLwUDTu2K4_xaK6Xej726mxkcTGIjCDIpLDJjBG58PQI-_1DR0faQONjJ14Ya9njdQ10S9RjI74dbgsuCcQknFsYPwJzVkRGi9EZ1loTfGTPuHvHEVOA511d5CsCy7tY11UHmBzLcUTy2FkyuHSCLDyZ0UnM9vuTK4cmsUnEziYdISgBvLg6gIjYJTUG6kBEy2k5ITZQCM4aH2K5N7FZ9nhrW70UALpCL6YqJ4EN8lwxVzTMW569eNl9WR4Oe8J_L6X2qYAa-1RJxM_LrS73P7OueOhz0v0hBecwFNB&key=AIzaSyBIStEGU6ASiYX99wWGRUvnwDKRf9tTNvA,,6,21,4.5,78,,,30,,,,,ChIJR4SEUj-tF2sRDjoVEVBBJZk
93,2026-04-07 23:35:02.743828+00,ANU Sport Indoor Halls,Acton,"North Road, Acton ACT 2601",4,,https://anu-sport.com.au/facilities/indoor-halls-courts,-35.2760925,149.1209717,Acton,ACT,https://maps.googleapis.com/maps/api/place/photo?maxwidth=800&photo_reference=AU_ZVEGEC5anFl5bDxXuXjWbG9fxl-IefDXBdqj5J6rrPK9oUBdqbiabb_RhorjjIT3KlhG-1bCEZMDN7Y3psP7hDeDwg6ps7Ed6d9S6Bvo6yIQBuz3TOqY5CGABv6Mko0HP_AUy7EUSDBD35KJBzpYoRHbOsF6LrEqHyfIIVSvWiXIni3u57HkA3fpiJLVzgUJ5Q380ZC1dVRQ0anGAxTi3Szj3rrTU4-mcO6nKI1hwT__QIqj-cVpTjdbRdNeXPKRAbSBwThigEENm3wPGsdHLFDhOsjOo_g5teGH13r1uYoduwjVDjDfdcWA3rjZtP8oT4ZR4syh-QKBu2wSPeSEnFj_mlRPGSt0XdPmqh7z5jhSgktNhXgdGHt8pMf7NoYBe_MNi1r9jEF68-x9CjQjQT9gkffu2PoBLNZr67jVXieFEmwNkQHt3ssHpVvs2EOb4D8aK49KZ-_pb-4QnLTIsaKkrcA4Hq2h_eaTT_YlZaFoiJrgvLS3dHPJcNMsnITsrp-YdRVdCFoHWKbrHO7mHY3MS-mfORCcy3-d0rgOEbpywJXwZ1rXWDkBchdYcDJ08_kAzMpeJqML_tg&key=AIzaSyBIStEGU6ASiYX99wWGRUvnwDKRf9tTNvA,,6,22,4.4,318,,,30,,,,,ChIJV2HIrERNFmsRtzmp8YJPiS8
94,2026-04-07 23:35:03.456133+00,Perth Badminton Arena Redcliffe,Redcliffe,"2/309 Great Eastern Hwy, Redcliffe WA 6104",22,,https://www.perthbadmintonarena.com/,-31.9377795,115.9344875,Redcliffe,WA,https://maps.googleapis.com/maps/api/place/photo?maxwidth=800&photo_reference=AU_ZVEG0jXiKrplDc0-RYmdPK6DZQl7hPozj_8LFBDSxrEP5hI2Vbmy-_TwoXsviprf4jRDYnWTYj1gBRFOBhyqyoupu_7Upu0nu6jJJ3s95EpARlu4apBOhyRxg0R6Q98_6ZgpYKcF8YD3ko3l-IV8Pe4T2RCTa4EQb_PYSAbqkbAgrVmsFHXHCxgoP97EBU3FPi5T_fKc_IiFRqpgZTISPKmbIfte3NUR8LCDx69pz3G3CikscnIpBCvdEeageW8eApet1pnRfP0UECA19nzrELYqARJeoQpu82Et2YaqmNzmy-2vgltglcKop7Hm4iCU0Q8V7xiv5czfn8p1AJg1FawfKrtq9iCfYdwhwwH4PH0g6D1oWV5X51M1dwpsM32j2jsjc09lYv86qfMhsj0HotXKpZq9nCOH6fyHs40KX1InGVypun5EvWCCwO8_eyYFtmCh0BAqLuYa4334AQ9h7AbondstfPBAfg5bOpJCcoRq7lo5M5SNEOe4cl2xtbYhKZ4xNrzJXR6y3mcKk54tRtVld3sxmzKv1NM1ln2Gmt-MHvFnDXZt_V42fu-vn1RdjIXORlmvLqN2jLg&key=AIzaSyBIStEGU6ASiYX99wWGRUvnwDKRf9tTNvA,,9,22,4.5,258,,,30,,,,,ChIJvV0Dyx27MioRwt3PdrPBv2Y
95,2026-04-07 23:35:04.153795+00,Perth Badminton Arena Canning Vale,Canning Vale,"16B Modal Cres, Canning Vale WA 6155, Australia",6,,https://www.perthbadmintonarena.com/,-32.0691861,115.9147966,Canning Vale,WA,https://maps.googleapis.com/maps/api/place/photo?maxwidth=800&photo_reference=AU_ZVEFjreVjXf3_Frqhol2WJ_XJzI_dIO3swrolpnqm2XQEUn0icoaf2lewCxY8w0-NRdnguHjJzY7F9sbjqPAdr5NUlInhTU8DUl1UmpFVmyBHKbFp9kz99qVlbMxedqrBaMhj1aNeDq_2QXPdFrz3hf8Ff1GTwjJKv_7hgZ--STJquZ5tQLUmBFX9erJy9_DNqKF3m3tnv4VJVdGglSlC680zNkcVXrMJMQvNUZ_BCtPMkbt6iLkZ8UokQe414vamCjKaJ7HTiDVNBPQSMImUgk7tgpofHwx7Uy-uCXfsDXc6oRsaTszLUDFY-N-aA62u_ePjR4ph2rWRlxUg7XfKdHpy0sh1MapMng6YxrmO8I_FQ6R0vYpilhqjFEKRPyFMVoxoVG7ZgkYU_B8bz0wkniWhlzET7pWVxxn5sWSBKeg8dg5arbheoTshT5mjGgT-OvLhfK6XsE3zCdkyq7XfhMtiebvRTRB5LLD2vaIqPaxNcEtbI_7XbC9hwoQoWfQud2xpi1uv1PnKHriRPZyGeGGTd0tU44yUlcENZDKRZsR8DkZlEwvrfeCvN1Z9CebwvJ6BPQR1&key=AIzaSyBIStEGU6ASiYX99wWGRUvnwDKRf9tTNvA,,9,22,4.2,176,,,30,,,,,ChIJlenQaDW9MioRc2LgfdSS1uk
96,2026-04-07 23:35:04.832224+00,Nick Kidd Badminton Arena,Balcatta,"4-6 Halley Rd, Balcatta WA 6021",6,,https://www.nkbarena.com/,-31.8619829,115.8229518,Balcatta,WA,https://maps.googleapis.com/maps/api/place/photo?maxwidth=800&photo_reference=AU_ZVEGEGCCmivUhZb0z1u1IHO2EOVwT3E841TnOxD11tVvGaxWH-IdY84ERQwYe23mMLgOKzHjwQAypSerj5Zk6_cL_7xHwDUCGQIQoRDIj_sWvbAQDm642xG6a-ex7ddUnlO7thNx_qBHCGN88zzphEU_p0LVccWLtoWgsofiwsubkMvGf59tb9-6Mrakiw24Tmzk1VeuncxDl81sh-NvEcPDVQ3w3_p837q4P0me1-WSPMTgr-yr184BQRE0roC8kQdtirCDdYZbU2A0TncUohGSeV8_-IWL3gXse4FXx3QlqW6j6SgbxCerRBot8_PVKZ9ovZ1xe4lhb-pcGG0I3DhCTt5eBSBu9SwvddTGCaQxO5r9zs1g6RNVUREv532SWHBC5SFHmIb4ff447dYKxNnl6x7hCDFd8U_qJasU6ocScGSWV84g4fRJU5Fn4KqQuUyDv6kCrZEmqsPMdFW6wf0MR_7urxPbms_dT7u5rjCdFX0SLmfPK1NTrSythwG5KRDJT0o1XqCME3jm4ouxt6asHBB1Pqm6k8N2rhMAvO2L4Ng202j_z7XulteF_0KoJ7dFioi0agYSIL-L0vRg9iA1Wlpk&key=AIzaSyBIStEGU6ASiYX99wWGRUvnwDKRf9tTNvA,,12,22,4.0,164,,,30,,,,,ChIJ4ZYK5rmvMioRglmYqyQRlAE
97,2026-04-07 23:35:05.556733+00,Apex Badminton Centre,Booragoon,"17 Aldous Place, Booragoon WA 6154",7,,https://apexbadminton.yepbooking.com.au/,-32.038522,115.8250973,Booragoon,WA,https://maps.googleapis.com/maps/api/place/photo?maxwidth=800&photo_reference=AU_ZVEGNZ1Ff6_RmDvwmSrRcvMM05bNzNhr2gEpCtW1_blj7yjn3vTiTGL3CRJDjzWwBow1DEvY7cD4Ywa3W9ImkBC3izD854daVmtIDASOn6zERhPRYhwFv4YKZgACkUsQDD56chRf8_0ATL2h5PWpBsZ8EGYEfeHrzHLja7OGEpUeQ3mEKAjBwJALpxrBgJCviGW7WymP5trg0BKB9DuN4Z1qyQxJ2z9ySXtrwQ2r-9IBBPHYo-iUORzE62f6FHQtWIDaM5LGNc1-b2wmcoFAKSEmrqRwp9QdLX9tiAzj73mT2ujW4tn-dQoj6lso6in9M0WmIQEU8QMmCXt-KpyCVe5rEWILm2soB4uW7ioY2ARqiGYCJ23Dy0lhF9cYAVDL2WUE8Y1Qms5QLTeJSmPJhz5EGP3b8cRbpNaMM8qPJwsf3EzhCSUgRDw32pLyX3aZLaxYSVlrzdiDPSUKvEAMgwXxVfg1O4zoCcQYt_17tMyu9Mz1SOfb47L28JVQHNzllC465RTAb1-0D8z1YbYAwexS-QdBltBfCoWonY3vskE_-JauxhBwPIRrkhVfUvLGkURMC88tsh06pBrgN7q6kLoAdhDDxaw&key=AIzaSyBIStEGU6ASiYX99wWGRUvnwDKRf9tTNvA,,9,23,4.6,58,,,30,,,,,ChIJGdZbKI2jMioRL2YgzvlBhjs
98,2026-04-07 23:35:06.270366+00,Playpoint Ballajura,Malaga,"40 Oxleigh Drive, Malaga WA 6090",8,$20/court,https://playpoint.com.au/,-31.8469053,115.8864954,Malaga,WA,https://maps.googleapis.com/maps/api/place/photo?maxwidth=800&photo_reference=AU_ZVEE3QW2kSj4KSf4kw0zBALPeCotK9HVfkUEzW8EXWR3rYNXK90ulOQS7Vt7D2CA9gnvJ0277v8sAQABkX_YtylI9osg2RyajCRS9bcJYKqmiurEsRDBVKtYK4NsIrn4Sipvk7zV3gtZv4K8QvbFpCg5II2_UUtKRB-JOHBv-R5xFWlIvtgQKzaf4myiRqte3uHbDBNkj5JdmaVneNPwQhbzpgBwAH5XXLjM9vpT76TYrymEw9BYuZgcAVFSNP3GvFITHVpKRY_pl8LC6-wNc73RLhZD8ejHYCw3Fue039IFjWNFWCwioyVYWjNonI_dJ3z3XTZ-1pSX81jsoaoYU-cdo7V7Amhnho7AwRXInNCVFnMqZfOV762UpxIPARGi7YqgzkE16LKB_JzClYiAv1IKcWhb_UVGNk1eplQ5ED-hLV09Y-7a9ecc4eti6YZrukQ2OLvxmWLsGTR_JZ8eR5RFRTV-bBQH309KMJNXdlRmq4qizHyR7frF963AY4XZoaipvy-ItUzWP2lXPWpNBYx0-ndGVsEkssKVzlGLAO_H0UuP0ifRWkXcVWXvDs4vRnbPtBawa&key=AIzaSyBIStEGU6ASiYX99wWGRUvnwDKRf9tTNvA,,0,24,4.2,156,,,30,,,,,ChIJFZnP47yxMioRHUTWQr1_4cM
99,2026-04-07 23:35:07.019771+00,Lords Recreation Centre,Subiaco,"5 Wembley Court, Subiaco WA 6008",4,,https://www.lords.com.au/,-31.9463509,115.8163707,Subiaco,WA,https://maps.googleapis.com/maps/api/place/photo?maxwidth=800&photo_reference=AU_ZVEHbA4dM9U_OU_90f4T-FQUxBGZI9ivgbcItPFPlGVMiVdRjPcCxf_DJEGWLItXYtUFH-T_rSxJUdkiZAr5D_0IMu38PJwCgFt_Cj_rzEoo8NcIg2n6Yfu7L1PUqbjUp9s1EJx7EHOplhz8-64vcecn-sUVNVJ2XIM3I-1ADMjvurw8l7Ac2BDF4Ze-J0jtLcJw6B4HqtPrCrnoFlhC06Em7vphLWoEXpf_JOELDFP3CGYaAZ_y5f-PzBoN2ranETQag-Uthbg1NF4c5BdKYN2H0N2HCsBwcnoPZX46rO8gPvtTz7tKuPyka0teBGKG8eDff5YFwelWQZpeDKis2decGx1UltlY6LLxDa05cm7RoOJnf1NWU6oKc0-tThz6F9gHafQkhDZXvCj22fkDi_buQQPd7gnsv35hMpEdZwUxocldEiRI-BFOc60Lbox3XAOSWnAajnAhfQ9Mc-beId2ry0--RFGT-w2dgI_cJg2jDhouEmGxl96jyBFgG3aQ_L8mjNpjqEFEDuLVB3uC4JdrmGcqvpkzPLd444n0um7xoKJvVZ0g0k7Gp647wFNkBEfQP0is-OJaCB95iQDx0CN90TIk&key=AIzaSyBIStEGU6ASiYX99wWGRUvnwDKRf9tTNvA,,6,22,4.1,424,,,30,,,,,ChIJF8-7fg2lMioRfUnt9QdQlZI
100,2026-04-07 23:35:07.748893+00,AH Sport Churchlands,Churchlands,"6 Lucca St, Churchlands WA 6018",8,,https://ahsport.net/,-31.9167985,115.7887333,Churchlands,WA,https://maps.googleapis.com/maps/api/place/photo?maxwidth=800&photo_reference=AU_ZVEGHuV6gSW6fIqIm-JXzO3_nPj6gK41QHcQnHr9JTwfD6NkZSfD7J7PiojlbZQbkuRqH-vQrOl8n-iBAcJ1f3TvO5klSMKfLZQWyVQCmvqNE3IOAlNdv1byDWsUB-tfqTpTwd3jZRGBRyw0fBYjWCXWhorDFXHI49RlanfXztie7pqdyfnNIanG8jfKl6PFit34nUR9IFe4EggcTH1InqbbTIU51lVF8LqCam_6k9PISpPMbsnZarwgTnJT9jCoK0PL6JBGn1fzalSmz1EzKswaJ9d6WHD6rCigp_PsJ8R35IYMEdMf0k-IhnlokAKDVirZYN0dwG16bgnsbbjhheahpQs20a4HZzIq8UyV7BhqypZu4NH9lJB03DRbEYFKn20K6r5N2MWyVLzWsrE8tvwDGQZT320cm9WBHJFWDF9TY8bbi6Wm_bnbdElaesI4Ak78OBa6_5JhCWe68CykOzqEDXPut-2Trk5w0PBuNaB8XkN11zKizoofh2a3hFpzC4D14rHV7tjUt7KJR54rvkL0Qsg4Y_WPgoHF5l2m1uKMQuWrD8wFwQaCVEMpLtDiCVUosVQsG&key=AIzaSyBIStEGU6ASiYX99wWGRUvnwDKRf9tTNvA,,7,22,4.8,124,,,30,,,,,ChIJqzKdOG-vMioR--5mW5EvAFc
101,2026-04-07 23:35:08.447356+00,Cannington Leisureplex,Cannington,"Cnr Wharf and Sevenoaks Sts, Cannington WA 6107",2,$22/court,https://www.canning.wa.gov.au/recreation-and-community/leisureplexes/,-32.0105171,115.9406356,Cannington,WA,https://maps.googleapis.com/maps/api/place/photo?maxwidth=800&photo_reference=AU_ZVEHVPWCAgFbci5Urn44pbI_LGrMIXZCsJ3EuKP0sMwNvSZGkcnv-eV4SGtGRd-Z40NlKHCtxGhppnR8PTB732kYT20SaAtKoMhlJhmC1Xx61Yj8B1O0KeGO5EniyZ4DfnJkd4uQWIiR5h-u0JoGIqORmO1HoozlZr9ugUF6e0ZTdDmMQI9YKJhmGWcXoEYg2EhY_6EEs6NbZxRU41bOsdEHvdx9Qw2IQYBaiCq3GlX9BSXjmXhTyJ2CGVuEzvahELJnWr26AyZTTwOwMIHvEY2sJbQUcz7Eh-VWPDQhKLyWSlk11qF72ddvu84K5WQkAqjmgyq-4HEueFfwNPtni_xTuCYoPS8UneiwMcwiU0K4fLaymsv-S9bDCGY6mOBRObdII10wiG-em1_3nWugkAS-ebC0bF42yDdZ8HyV6u4IUm9GghqZIvB3ZY-Rj8MgGTPKvSeNV1cTmsMUJByH4n3I_eq5ztufmTUwB0ZlN5jDtig-1sTjtzmo5ypsV3AceAucHBWb65pxjJyllZNrkTdxT1k1CqLP5NVLSWo4vOeJhpM7H7XS3ElzhrnQnxHoR-cfe1CFE1YmlhA&key=AIzaSyBIStEGU6ASiYX99wWGRUvnwDKRf9tTNvA,,6,21,4.2,1146,,,30,,,,,ChIJ-erj3iW8MioRuyHr5sLeI3I
102,2026-04-07 23:35:09.20339+00,Sams Badminton Arena Nundah,Nundah,"137 Bage St, Nundah QLD 4012",6,,https://www.samsbadminton.com.au/,-27.4081592,153.0570373,Nundah,QLD,https://maps.googleapis.com/maps/api/place/photo?maxwidth=800&photo_reference=AU_ZVEHH9CLgYvo4PvFFvPt0Tu0Ps_hMjLvgLx3SsyOxaUbThaGScItpNVUZQslKH-5_vcYDjsxEJb8OepXFKUY4w2Z8AtJqhIhw-t5D3Mo96SvBAvcF-W4iL_uJdafow8iO25ZyBNjFmn1OVK_meySROfZ7CXQ7E3HarM7tin1SbIljK4HPMXh3wjnbIRkBludB-ko2eRyVwGX7vaoezvexHIlzikGXJ4Ic_NAWD11SZxEV2w811VLniM4yrgIHYoZcSWvKj0_-H0WLAMAqbfTN2QSmjU5NFDFF_FPHgr0g7H_TaxRQZa2Q5hNzJ7JIzC_zg_if8aogdGYjtwN76rUxqcMk1EdXz5dN-peXL77KU07HBKr3hiy1hZYCtLw_z5SNMYgTbKKANRSbpKwlzEh5tlucYMQgsCS0d_9po6efiX5DLng9z1GulVWdErhWT_97oS8GWBL-_WfR1R7e2d-bSSQrDsRI80IZL3hxVtNYRftF13IJSMrpOuiRIzna9aeaTXHYVzGfi434egEF7_-6ZYeLNA210pns43vjwck3Y0U4waT-ayJEeTILkmK6CBaVxmTC8TJaTtmyNA&key=AIzaSyBIStEGU6ASiYX99wWGRUvnwDKRf9tTNvA,,8,23,4.6,127,,,30,,,,,ChIJsTmAKHdZkWsRIGEDH2pLEdc
103,2026-04-07 23:35:10.084652+00,Smashminton,Acacia Ridge,"2/26 Achievement Crescent, Acacia Ridge QLD 4110",5,,https://www.smashminton.com.au/,-27.5817871,153.011856,Acacia Ridge,QLD,https://maps.googleapis.com/maps/api/place/photo?maxwidth=800&photo_reference=AU_ZVEFyA_94PgpsheUGWBHbWbiJgr0e_mytRcFsogLdlpYcagL2gUaHrq_gq-OBArD3GAvUjpGGR9MmSo1jN6CXWFLqATGQLQnIp0hTAnBKOkkYVuyyLhPyoGIuTQPbR8_Mp5r8p0zK9fbbeVWn8WbRr5KuRDgPLWEQWrfE5kHehdG3Y4Wgex3JFN1FZ0Ng61s6TAlyKM-inz5EQ9XjT73a1zCr1VlnCIjb3ppPi2_qKNu-K8blP1Rtf1jzXsi78qEw-Nw3lWS37OQjgeqnKVW0Gupu91cA_Gv6mpnx8NFh_d_oBEJpy8HmiEpqE_jahS15r7v0ficGiNth5SruGOQOJRUqFTPfeWleb7eby_untoBXLRUgjlUSG14wDkdzkwI5rsWADlffyNbTCpTJNtS2TNAsSFTpw25PJNCRPVo1DEMxA3RZmOE95hq98S72f_LZ1pR4cU8R4I5ZqaCIW5lb6lj5F_ecLagMUkXS4dKgVms0OXvJf-qt0S5SsZgPpGM5v0bJFmJXKYHpnVqpv4Yr8MwdyyHFPDgedtqdF5kuYbllRP1OZwRf9jc0O4ApKNxMWXh7AQ&key=AIzaSyBIStEGU6ASiYX99wWGRUvnwDKRf9tTNvA,,13,22,4.2,87,,,30,,,,,ChIJx_pq2EFPkWsRH0U1G9PQLSE
104,2026-04-07 23:35:10.855668+00,Cornubia Park Sports Centre,Shailer Park,"146 Bryants Rd, Shailer Park QLD 4128",,$33/hr,https://cornubiaparksportscentre.com/,-27.6652227,153.1876811,Shailer Park,QLD,https://maps.googleapis.com/maps/api/place/photo?maxwidth=800&photo_reference=AU_ZVEEAYC2NWBoN7aO6Zmh0PUKpuPeaCReXUH2U6hV_PssMyAA_sjyE0fApyEnpEzwe5z-P-B9C5sGsNMn9zCh3Fw3j6QdumN9yOefCH_uO5n0GWEGxpFWGysU0OqScwD7XQUZ1aae0Ch4zGrrvIuqaxZVHNvtXEQIpTW0FvuhnfT_2Ovvgv8YFPDLR8qObdkelMm7Dy0X0ebdoBszIT6ipMdozecVFNIBM8DqWJLHQ5unAZ0z3xC8n99pfAbUMZ9EkKE1XVylP8YoWar3GtAdQUaPcl2_IGN89nnH23mF9P6eANL45ksFciICeaPYF053lGGxGzdDsZhGDOb9i1Krw70WPCPuQ0f3Ekj_-esyp3OUiMx9qcescInOTd565XKQq3qaA4YkU3x3fF1LY3E-Lj7ktGjY1iuDA1UIY7X5pG2RRi6DmKM7mdIWwH-K-4UgHmPOqBLJGHoelYc5iHk1ZFs-Slj0qngEuZdWnT-NSYXMqyWSGomiVIafsnd_-la2xlRal5i1dZ2hJTZ-f0OD1LIsQrnl8V2d9GmJJjsEO6reovNhsZXKJ8iFr_G20aGEk2000mg&key=AIzaSyBIStEGU6ASiYX99wWGRUvnwDKRf9tTNvA,,6,22,4.2,296,,,30,,,,,ChIJxXM6iRtCkWsR32tfA4BawZY
105,2026-04-07 23:35:11.509994+00,PCYC Inala,Inala,"37 Swallow St, Inala QLD 4077",4,,https://www.pcyc.org.au/,-27.6015082,152.9776425,Inala,QLD,https://maps.googleapis.com/maps/api/place/photo?maxwidth=800&photo_reference=AU_ZVEE07oBxz2NDIfkLV9g3gvLHR1xex7HOgr-cdlzCc5_yM9pzeVUG9H-LOL2oEHaZhh9UXhDMvLlhnakfl4h9tTOcFsW-Sr4kxNOa2-aiEEjr49U-uKHorxyS0m2Fx6LILVduxMR9uLHXFjZ-vCf8fbtI93nhBNFvsLWPQvVK4d1n_O0JjGQJ81jrqEitEVMT8MOfJybXc4zwf8EWy93L9rop03JReRgBJQ9--qx63DvNAqjRMjxY1psj9IYGNAqJp-ADpdxuaZRnrK4uz3vGIt_EjBCNunCBsDf83xIc4DqaOHu-zUNFOc4CpeFjx5JF1I3h6A45_bSbaHTcBRVYRzf8_vJckl4UcPKJ3wvUAmaH7FkmvsdeKlsVdz9toTIgdO_glRZ11Sc2Z7FVC1vl6lSsfJ9PaBDIak2bkWV88oucAQWRe1R2cVwoY-8Poy7ASHNX4-yy5vEvQM2to-siL5srDa0vykJZwQXgPXSzOLy52Qqmk6h46skS2klLlbx9JYPsfxHG2LVOBJPD4g3va-AFgm0FggPqIoQpiTax4j8WQ9-_AyL87b1y_IgAz0VS7lufcGL-rstJ-g&key=AIzaSyBIStEGU6ASiYX99wWGRUvnwDKRf9tTNvA,,9,21,4.4,200,,,30,,,,,ChIJN9RdEtJBbAERfIgAwaN3NBg
106,2026-04-07 23:35:12.194431+00,Morayfield Sport and Events Centre,Morayfield,"298 Morayfield Rd, Morayfield QLD 4506",,,https://www.moretonbay.qld.gov.au/MSEC,-27.116956,152.9495756,Morayfield,QLD,https://maps.googleapis.com/maps/api/place/photo?maxwidth=800&photo_reference=AU_ZVEFcPLy1cGcwHubIMNe1krCrBHBfAcVl3LGr_HwWvhs8GYETaR55PMgZEDv_cGN0iCmmMCjHZIRxbYZ9EdNk89TYRK3TKqawQcnPRnK9anxQgnlrzxYw7Hl7-V0lnji335z9ZOruwKoNZHADFiXldyHwuTm1z0XXfF9UKcUAgC0VoyIjeJMCWI-QlV6qwhrUBbAZyF1D-l4ahLlanBfeHHixYvGUwYh83lFEfLTI_eL4xOI9MRbPq4H4WRQO0bbYGpUswqPrhxDbtdjE6yf5bNCPpJK73ROVFQMc-nWwkLBBPYCZabgdjNR2rXEalpBXAquZtf_IO-C9NW4IAGhByL5Ipo-5Jx5d4J-Ht54WnMdbnfXi2ySE_lzNrN6mYHZUNGP_SouybwXxARGg_krN_fskPdc9Tp6qURcCxKO67GOH1f9hhWGEuT5PPAbcCUUu_efshaVYQuOdfo0WUTkndvUyRJmdSyjBEeJOR8_eKoFcK4xA_iwkZfqcWyWAnehmJcyDXkUhsHAWdc1Mg54y3dZ18tP0ZXdo_rycwT_5TAJvks2rncL-g3ZxPe_ElMBNtWbEkCpBcW5hkg&key=AIzaSyBIStEGU6ASiYX99wWGRUvnwDKRf9tTNvA,,6,22,4.4,340,,,30,,,,,ChIJb1NSrG7xk2sRPJl_U1T9WAs